"Transaction Hash","Blockno","UnixTimestamp","DateTime (UTC)","From","To","ContractAddress","Value_IN(HYPE)","Value_OUT(HYPE)","CurrentValue @ $23.7460792996724/HYPE","TxnFee(HYPE)","TxnFee(USD)","Historical $Price/HYPE","Status","ErrCode","Method"
"0xcbf9f799aa7a96b499bf7026479aec1738da7ad1591438145fae90b9f3e854db","21402929","1765305660","2025-12-09 18:41:00","0x1b7a7d51ee86e1d9776986aefd2675312cf0c9da","0x78dd09e369f35d033a1d4ec1df39bc8a51c8b6fd","","0","0","0","0.0000339247422944","0.000805579620743773","27.94","","","Add Collateral"
"0xd3ced560dfeec0d83ccc2259cfc66b57c08ea4253ea75de03ef8869ba7d06b28","21404167","1765306878","2025-12-09 19:01:18","0xb584bf4b1d1419bc24f24ac90028a72695d6224a","0x78dd09e369f35d033a1d4ec1df39bc8a51c8b6fd","","0","0","0","0.000100305528912352","0.00238186304374829","27.94","Error(0)","execution reverted","Add Collateral"
"0x2f40ae9ee7ebb637abb4a4d7962bde891161a02dd97f6f5b522a4fac564dcbd3","21404391","1765307099","2025-12-09 19:04:59","0x707da47b391c0e883dec5d4399238daa99fa59d9","0x78dd09e369f35d033a1d4ec1df39bc8a51c8b6fd","","0","0","0","0.000144543685249952","0.00343234581221225","27.94","","","Add Collateral"
"0x0fc6df7e95fca54fbe8b8863df9cf3ce67a550bd638732a9972ea6fe7f583163","21404493","1765307199","2025-12-09 19:06:39","0xb584bf4b1d1419bc24f24ac90028a72695d6224a","0x78dd09e369f35d033a1d4ec1df39bc8a51c8b6fd","","0","0","0","0.000376333228592256","0.00893643868925345","27.94","","","Add Collateral"
"0x17a3e45879dfa204be567862fc9e8027c6bff05ed97755c6522cc1f4d336dbaa","21404670","1765307373","2025-12-09 19:09:33","0xb584bf4b1d1419bc24f24ac90028a72695d6224a","0x78dd09e369f35d033a1d4ec1df39bc8a51c8b6fd","","0","0","0","0.00033026427","0.00784248154526842","27.94","","","Remove Collateral"
"0xf8f3c68c8125a5db7e72e13eff67a78e5627b6266da57918d56172e53d016dab","21406588","1765309260","2025-12-09 19:41:00","0x707da47b391c0e883dec5d4399238daa99fa59d9","0x78dd09e369f35d033a1d4ec1df39bc8a51c8b6fd","","0","0","0","0.000150787896136696","0.00358062133909275","27.94","","","Deposit"
"0xc2b4ab7855a732b11653ab2752498d88231df18956e90be6b3fef4ada06178be","21406629","1765309300","2025-12-09 19:41:40","0x707da47b391c0e883dec5d4399238daa99fa59d9","0x78dd09e369f35d033a1d4ec1df39bc8a51c8b6fd","","0","0","0","0.000213197678753724","0.00506260898619201","27.94","","","Borrow Asset"
"0x5c34a2b987aa07aa4aab90e26b40622949057c3b2da29f0cf5546abb853ae3b5","21406702","1765309372","2025-12-09 19:42:52","0x707da47b391c0e883dec5d4399238daa99fa59d9","0x78dd09e369f35d033a1d4ec1df39bc8a51c8b6fd","","0","0","0","0.00008156860629229","0.00193693459338048","27.94","","","Add Collateral"
"0x573f80f001e07742c1cc2477560ef2bae676295a6848b81ab6e37b1af4523982","21406780","1765309448","2025-12-09 19:44:08","0x707da47b391c0e883dec5d4399238daa99fa59d9","0x78dd09e369f35d033a1d4ec1df39bc8a51c8b6fd","","0","0","0","0.000919311472674405","0.021830043131225","27.94","","","Borrow Asset"
"0x9bb4b32844a634544393fa2ed8e07180b0692c90ba3dae0ec48458f32c1746f2","21406815","1765309483","2025-12-09 19:44:43","0x707da47b391c0e883dec5d4399238daa99fa59d9","0x78dd09e369f35d033a1d4ec1df39bc8a51c8b6fd","","0","0","0","0.000903325987889312","0.0214504505418745","27.94","","","Add Collateral"
"0x1980e37b0a33bf590cdce613f064125fa460c0922ddf41e3a61d185b334825a9","21408077","1765310724","2025-12-09 20:05:24","0x707da47b391c0e883dec5d4399238daa99fa59d9","0x78dd09e369f35d033a1d4ec1df39bc8a51c8b6fd","","0","0","0","0.000262664458124265","0.00623725105182428","27.94","","","Deposit"
"0x2be6bc5787fe637f09520a453ef68d61ce66aa7a2493fd77d01e5cbe6648838c","21408096","1765310743","2025-12-09 20:05:43","0x707da47b391c0e883dec5d4399238daa99fa59d9","0x78dd09e369f35d033a1d4ec1df39bc8a51c8b6fd","","0","0","0","0.000183012803342797","0.00434583654103341","27.94","","","Deposit"
"0x8f7bd5b98d75316f14a64f2ac9b8444da2bea17f87de31ddf0a9d26307d77588","21519012","1765419840","2025-12-11 02:24:00","0x12045c1cc410461b24e4293dd05e2a6c47ebb584","0x78dd09e369f35d033a1d4ec1df39bc8a51c8b6fd","","0","0","0","0.0032732996","0.0777280318731859","29.11","","","Add Collateral"
"0x2bcc0e0ff3976a6f6c9465de55f9deff557a3c4eb79aeb9c21905f7db80290a5","21519134","1765419960","2025-12-11 02:26:00","0x12045c1cc410461b24e4293dd05e2a6c47ebb584","0x78dd09e369f35d033a1d4ec1df39bc8a51c8b6fd","","0","0","0","0.001521911188","0.0361394237573066","29.11","","","Borrow Asset"
"0x35b010c83fbcf16d21ce3e271ebfd8d3ecf071ea0d2760b85d21ae8e99471851","21519317","1765420140","2025-12-11 02:29:00","0x12045c1cc410461b24e4293dd05e2a6c47ebb584","0x78dd09e369f35d033a1d4ec1df39bc8a51c8b6fd","","0","0","0","0.001525459","0.036223670382399","29.11","","","Add Collateral"
"0x163114e680e22a0bf22b556b17a492a88059b409165e508d8544b78cd948578b","21519378","1765420200","2025-12-11 02:30:00","0x12045c1cc410461b24e4293dd05e2a6c47ebb584","0x78dd09e369f35d033a1d4ec1df39bc8a51c8b6fd","","0","0","0","0.00098040279","0.0232807223969601","29.11","","","Borrow Asset"
"0x02f64680efc2eaf391720008e901016a6e2c192cbe04dcdb4b9b0a0d3a8342b5","21519622","1765420440","2025-12-11 02:34:00","0x12045c1cc410461b24e4293dd05e2a6c47ebb584","0x78dd09e369f35d033a1d4ec1df39bc8a51c8b6fd","","0","0","0","0.002891822340540255","0.0686694426190331","29.11","","","Add Collateral"
"0x9cb8b5d2f6e1a3e470ef6bd63c02f85e719aaddbbdfcefdb4afef488b3d02f02","21519988","1765420800","2025-12-11 02:40:00","0x12045c1cc410461b24e4293dd05e2a6c47ebb584","0x78dd09e369f35d033a1d4ec1df39bc8a51c8b6fd","","0","0","0","0.001580890312880019","0.0375399467337328","29.11","","","Borrow Asset"
"0x024c4ddd7b7c33a8029b6089341c9a281f558578218d22121e976791658c6b5e","21572879","1765472824","2025-12-11 17:07:04","0xc4a29db0c6caef72883a9daad1aca2616a248aa5","0x78dd09e369f35d033a1d4ec1df39bc8a51c8b6fd","","0","0","0","0.00001347409057797","0.000319956823355444","29.11","Error(0)","execution reverted","Add Collateral"
"0xe339aca354080f132e882d3f4d65fd7efa63564ec7b7100df102f253b80ab08d","21572891","1765472836","2025-12-11 17:07:16","0xc4a29db0c6caef72883a9daad1aca2616a248aa5","0x78dd09e369f35d033a1d4ec1df39bc8a51c8b6fd","","0","0","0","0.000075123","0.00178387671522929","29.11","Error(0)","execution reverted","Add Collateral"
"0x7827668124d4585a8727e33e3819c505f132e31bb93f6833a48a41467ec996fb","21572903","1765472848","2025-12-11 17:07:28","0xc4a29db0c6caef72883a9daad1aca2616a248aa5","0x78dd09e369f35d033a1d4ec1df39bc8a51c8b6fd","","0","0","0","0.0000806586","0.00191532551180056","29.11","","","Add Collateral"
"0x5afe3fa1c0e42086e3a46ecab21d1dc821df9afaa5bfc9f72fbbdc8aa56cca18","21572929","1765472874","2025-12-11 17:07:54","0xc4a29db0c6caef72883a9daad1aca2616a248aa5","0x78dd09e369f35d033a1d4ec1df39bc8a51c8b6fd","","0","0","0","0.000036874821402489","0.000875632433184761","29.11","","","Borrow Asset"
"0x6a837f4dec57249cfba68ae7a56c614788847f2206111dc08571b3cebd9cacea","21573769","1765473700","2025-12-11 17:21:40","0x73d69623e2821309bf54de2e690f3e0ebbb852cd","0x78dd09e369f35d033a1d4ec1df39bc8a51c8b6fd","","0","0","0","0.000015706037527857","0.000372956812620123","29.11","","","Add Collateral"
"0xb4452d8ad9420a247dd772c0e85bdc9733b2b218cc4663ce69bf23ed5c8761ca","21573827","1765473757","2025-12-11 17:22:37","0x73d69623e2821309bf54de2e690f3e0ebbb852cd","0x78dd09e369f35d033a1d4ec1df39bc8a51c8b6fd","","0","0","0","0.000019962953","0.000474041864993633","29.11","","","Borrow Asset"
"0xc4cdbbb3293fcfb0825f0e123538d59155831208c208f7acb53f216b3375a000","21573893","1765473822","2025-12-11 17:23:42","0x73d69623e2821309bf54de2e690f3e0ebbb852cd","0x78dd09e369f35d033a1d4ec1df39bc8a51c8b6fd","","0","0","0","0.000012138002185336","0.000288229962432586","29.11","","","Add Collateral"
"0x43f2de42f51d33a050a46e51feb86a62f477cb3644ea6e0650da25e01b535cad","21573924","1765473852","2025-12-11 17:24:12","0x73d69623e2821309bf54de2e690f3e0ebbb852cd","0x78dd09e369f35d033a1d4ec1df39bc8a51c8b6fd","","0","0","0","0.000018235853","0.000433030011435169","29.11","","","Borrow Asset"
"0x2bcb676eb36706346d1791f1db4aa436f66876b3765717ed4347e47576efac87","21573965","1765473893","2025-12-11 17:24:53","0x73d69623e2821309bf54de2e690f3e0ebbb852cd","0x78dd09e369f35d033a1d4ec1df39bc8a51c8b6fd","","0","0","0","0.000012047957839","0.000286091762244004","29.11","","","Add Collateral"
"0x122516836509135de8f84e303ca5526599646307a82ea1d5ce6a4dbc3ca4a57f","21573981","1765473908","2025-12-11 17:25:08","0x73d69623e2821309bf54de2e690f3e0ebbb852cd","0x78dd09e369f35d033a1d4ec1df39bc8a51c8b6fd","","0","0","0","0.000018234641","0.000433001231187058","29.11","","","Borrow Asset"
"0xc8b201590e47259a87a077299f4997ee9a961501f8861b7aff5ac07f1ae408cb","21574013","1765473940","2025-12-11 17:25:40","0x707da47b391c0e883dec5d4399238daa99fa59d9","0x78dd09e369f35d033a1d4ec1df39bc8a51c8b6fd","","0","0","0","0.00486622675","0.115553806295687","29.11","","","Borrow Asset"
"0xbd5b98ad8cfc8242df456d0166233506500504cd39e627b65804bb0b8f0042e4","21574067","1765473993","2025-12-11 17:26:33","0x707da47b391c0e883dec5d4399238daa99fa59d9","0x78dd09e369f35d033a1d4ec1df39bc8a51c8b6fd","","0","0","0","0.00302980286","0.0719459389759342","29.11","Error(0)","execution reverted","Add Collateral"
"0xc0934d45c88ed0ba088a68a4b1628523b7ee0bac858afa09ccb5dc1b04a2706c","21574090","1765474016","2025-12-11 17:26:56","0x707da47b391c0e883dec5d4399238daa99fa59d9","0x78dd09e369f35d033a1d4ec1df39bc8a51c8b6fd","","0","0","0","0.003719869330239205","0.0883323121002794","29.11","","","Add Collateral"
"0xa86846aa8bb4754d6275c8d4407932148d9e18969901842d352b470ef85fdbc7","21574102","1765474027","2025-12-11 17:27:07","0x5fd5245b32d41132fadd4858ad7170fea744b693","0x78dd09e369f35d033a1d4ec1df39bc8a51c8b6fd","","0","0","0","0.004017829718984125","0.0954077031195775","29.11","Error(0)","execution reverted","Add Collateral"
"0xe8e09ac4e18c88e9844cb498f68219ad42aeb81b7479af8e54c1207842bc979b","21574106","1765474031","2025-12-11 17:27:11","0x707da47b391c0e883dec5d4399238daa99fa59d9","0x78dd09e369f35d033a1d4ec1df39bc8a51c8b6fd","","0","0","0","0.004520353850411828","0.107340680994459","29.11","Error(0)","execution reverted","Borrow Asset"
"0x1447e791062b87a6604c06d856e73d07ff13bbdffa150e29c9d73390f01d1f6f","21574123","1765474048","2025-12-11 17:27:28","0x707da47b391c0e883dec5d4399238daa99fa59d9","0x78dd09e369f35d033a1d4ec1df39bc8a51c8b6fd","","0","0","0","0.002472570822860094","0.058713862833692","29.11","Error(0)","execution reverted","Borrow Asset"
"0x55d91ae64c87be7fce3545380691c97a386325fd21b04bee7e25ade643f74192","21574135","1765474060","2025-12-11 17:27:40","0x5fd5245b32d41132fadd4858ad7170fea744b693","0x78dd09e369f35d033a1d4ec1df39bc8a51c8b6fd","","0","0","0","0.001015012321204101","0.0241025630694571","29.11","Error(0)","execution reverted","Add Collateral"
"0x466eb335eb72adf477e77120a6c24937435717517684c069e27b100c7075656b","21574139","1765474064","2025-12-11 17:27:44","0x707da47b391c0e883dec5d4399238daa99fa59d9","0x78dd09e369f35d033a1d4ec1df39bc8a51c8b6fd","","0","0","0","0.000674704471256865","0.0160215858783091","29.11","","","Deposit"
"0x2cd19fdf4f0a59e64e8067f5d7a86b11affcde17437f6a83debced3838ce124b","21574152","1765474077","2025-12-11 17:27:57","0x707da47b391c0e883dec5d4399238daa99fa59d9","0x78dd09e369f35d033a1d4ec1df39bc8a51c8b6fd","","0","0","0","0.000685208220973682","0.0162710087520285","29.11","","","Deposit"
"0x2a9a532aa74f0599d3994a112fc659a04ef9f4f62954d63e62495ebbf53f765f","21574185","1765474109","2025-12-11 17:28:29","0x707da47b391c0e883dec5d4399238daa99fa59d9","0x78dd09e369f35d033a1d4ec1df39bc8a51c8b6fd","","0","0","0","0.0004495317476949","0.0106746165284834","29.11","","","Borrow Asset"
"0xb106cf3da9d79f1653c7d2692e09fe65dd47de28d004e76180ac92c424eb0056","21574189","1765474113","2025-12-11 17:28:33","0x5fd5245b32d41132fadd4858ad7170fea744b693","0x78dd09e369f35d033a1d4ec1df39bc8a51c8b6fd","","0","0","0","0.000469844603425197","0.0111569672114579","29.11","Error(0)","execution reverted","Add Collateral"
"0x918d031e4b3c870843f3be8afc26c7b0f936963baef7b39d85bbaa63c4f1ba98","21574308","1765474230","2025-12-11 17:30:30","0x707da47b391c0e883dec5d4399238daa99fa59d9","0x78dd09e369f35d033a1d4ec1df39bc8a51c8b6fd","","0","0","0","0.0000971384232","0.00230665670035234","29.11","","","Add Collateral"
"0xb11c5b8a87c0b6a60c5f9eca741e85643bad57bd61a1a0ddf8a68b27e4624aab","21574318","1765474240","2025-12-11 17:30:40","0x5fd5245b32d41132fadd4858ad7170fea744b693","0x78dd09e369f35d033a1d4ec1df39bc8a51c8b6fd","","0","0","0","0.0000805869382","0.001913623825015","29.11","","","Add Collateral"
"0xedcf784d80f6e488ffc376e4a2fa45b761da2b30e6cf6653b88e0892f13f5536","21574346","1765474267","2025-12-11 17:31:07","0x707da47b391c0e883dec5d4399238daa99fa59d9","0x78dd09e369f35d033a1d4ec1df39bc8a51c8b6fd","","0","0","0","0.000079321012273881","0.00188356304758587","29.11","","","Deposit"
"0xf77609ad343ace5138feae5c258e7abe234379fbd5b6cedc697193a108a0f1e0","21574349","1765474270","2025-12-11 17:31:10","0x5fd5245b32d41132fadd4858ad7170fea744b693","0x78dd09e369f35d033a1d4ec1df39bc8a51c8b6fd","","0","0","0","0.0001457743364","0.00346156895201152","29.11","","","Borrow Asset"
"0xa0c2f9f5f0c8f70e44319482ae750ec8f75010c813d989ea9cb84044f88bf040","21574389","1765474310","2025-12-11 17:31:50","0x605572243c30af7493707c9c8e8aa2ee25537e9a","0x78dd09e369f35d033a1d4ec1df39bc8a51c8b6fd","","0","0","0","0.000014119035","0.00033527172474485","29.11","","","Add Collateral"
"0xdd92064117edcbca38a928d4a91125fc04543c0afad1953c72b2e90c8754b171","21574435","1765474355","2025-12-11 17:32:35","0x605572243c30af7493707c9c8e8aa2ee25537e9a","0x78dd09e369f35d033a1d4ec1df39bc8a51c8b6fd","","0","0","0","0.000023526391697933","0.000558659562894271","29.11","","","Borrow Asset"
"0xca396b6ddad6fb1d731af234986769c7dc23568aba42e92163f4ae0396a3c813","21575236","1765475143","2025-12-11 17:45:43","0x7e605b159c2d1ecd9601c61f5ccd4f86d566a7a1","0x78dd09e369f35d033a1d4ec1df39bc8a51c8b6fd","","0","0","0","0.000044464425836286","0.00105585578192285","29.11","","","Add Collateral"
"0xde1be37c6378421c666a63fb5245a6ff86a6abfbfb99fd1d122421a02b7d0ebb","21575316","1765475221","2025-12-11 17:47:01","0x5fd5245b32d41132fadd4858ad7170fea744b693","0x78dd09e369f35d033a1d4ec1df39bc8a51c8b6fd","","0","0","0","0.000384805933426191","0.00913763221012279","29.11","","","Add Collateral"
"0xe7a84c889b6c6bd6c0b09a103bf2297ee3c0e6be2bbde6f44bd6e39a2f366ae9","21575368","1765475273","2025-12-11 17:47:53","0x5fd5245b32d41132fadd4858ad7170fea744b693","0x78dd09e369f35d033a1d4ec1df39bc8a51c8b6fd","","0","0","0","0.000939958918","0.0223203390052623","29.11","","","Borrow Asset"
"0x7f60b0587f53953165308f1770206be5f254228c772a847ab6ce9e45ea71a563","21575419","1765475323","2025-12-11 17:48:43","0x5fd5245b32d41132fadd4858ad7170fea744b693","0x78dd09e369f35d033a1d4ec1df39bc8a51c8b6fd","","0","0","0","0.000549751955","0.0130544535185799","29.11","","","Add Collateral"
"0x04bcd9e4396402dd8796a1c4c9f14311ee7f9d3bd61fb471c7a95272d1918333","21575432","1765475336","2025-12-11 17:48:56","0xa77f95fa07849b96c181cfdd7d1113f266738f57","0x78dd09e369f35d033a1d4ec1df39bc8a51c8b6fd","","0","0","0","0.0000158550741","0.000376495846880782","29.11","","","Add Collateral"
"0x4f9db509813a89fa296ec2fec43072249efa7c3f7dbed1551f68f0d03da02437","21575503","1765475405","2025-12-11 17:50:05","0xa77f95fa07849b96c181cfdd7d1113f266738f57","0x78dd09e369f35d033a1d4ec1df39bc8a51c8b6fd","","0","0","0","0.00003741850595","0.000888542809563963","29.11","","","Borrow Asset"
"0xd6c2fbc740a2111bd75bc5d1c031eb5597f8ed725f9f1afca3802977d45f6bbd","21575537","1765475439","2025-12-11 17:50:39","0x707da47b391c0e883dec5d4399238daa99fa59d9","0x78dd09e369f35d033a1d4ec1df39bc8a51c8b6fd","","0","0","0","0.000196384636","0.0046633651396933","29.11","Error(0)","execution reverted","Deposit"
"0x297ef2bea188731ed0c5c8a91c5570af52d64c8f0a72464ded84c5d8eac66b3f","21575656","1765475556","2025-12-11 17:52:36","0x707da47b391c0e883dec5d4399238daa99fa59d9","0x78dd09e369f35d033a1d4ec1df39bc8a51c8b6fd","","0","0","0","0.000434097402623915","0.0103081113464893","29.11","Error(0)","execution reverted","Deposit"
"0xe75a16edf52e92c5f1856835bd0041a685132e365b77d9db62904597f0217c38","21575671","1765475571","2025-12-11 17:52:51","0x707da47b391c0e883dec5d4399238daa99fa59d9","0x78dd09e369f35d033a1d4ec1df39bc8a51c8b6fd","","0","0","0","0.000124454570446724","0.00295530809903457","29.11","Error(0)","execution reverted","Deposit"
"0x23a8ec8889b914d18f1d4dcdae12ff8cb9c781f19ad181cf52dcec4e30d54f96","21575683","1765475582","2025-12-11 17:53:02","0x707da47b391c0e883dec5d4399238daa99fa59d9","0x78dd09e369f35d033a1d4ec1df39bc8a51c8b6fd","","0","0","0","0.000073223627595247","0.00173877406748642","29.11","","","Deposit"
"0x1b4d5ddf75f2479b9f94a6ad5805181f1e1032583cc9c07ceed5724cfb7b8995","21575691","1765475590","2025-12-11 17:53:10","0x707da47b391c0e883dec5d4399238daa99fa59d9","0x78dd09e369f35d033a1d4ec1df39bc8a51c8b6fd","","0","0","0","0.000046834743277674","0.00111214152785145","29.11","","","Deposit"
"0x98157e367b45820572f70860f46b99085755b2537a511d9b00c5727ce84c6bcb","21575842","1765475739","2025-12-11 17:55:39","0x707da47b391c0e883dec5d4399238daa99fa59d9","0x78dd09e369f35d033a1d4ec1df39bc8a51c8b6fd","","0","0","0","0.000374820419","0.00890051539271043","29.11","","","Deposit"
"0xe624a4865093b17722704309f5ca655e9eaef1b8d910d57f30cee5cefb0a89a8","21575863","1765475760","2025-12-11 17:56:00","0x7e605b159c2d1ecd9601c61f5ccd4f86d566a7a1","0x78dd09e369f35d033a1d4ec1df39bc8a51c8b6fd","","0","0","0","0.00001201700012017","0.00028535663779773","29.11","","","Remove Collateral"
"0x7b33fca06560ff346138cf50aab30f94d5dd86979014e5539f86b57f78d97d43","21575868","1765475764","2025-12-11 17:56:04","0x707da47b391c0e883dec5d4399238daa99fa59d9","0x78dd09e369f35d033a1d4ec1df39bc8a51c8b6fd","","0","0","0","0.000187543972","0.00445343403128754","29.11","","","Deposit"
"0xc9521d7888ae30f39dd036f5bdaea9d93acca6a2131ddc776c85135cd4bafd51","21575890","1765475786","2025-12-11 17:56:26","0x707da47b391c0e883dec5d4399238daa99fa59d9","0x78dd09e369f35d033a1d4ec1df39bc8a51c8b6fd","","0","0","0","0.000187543972","0.00445343403128754","29.11","","","Deposit"
"0x3ea2180f8aa49725d300e4da7c4ddf8fc68202ed200be9e9df20021ddfe57f30","21576709","1765476592","2025-12-11 18:09:52","0x7e605b159c2d1ecd9601c61f5ccd4f86d566a7a1","0x78dd09e369f35d033a1d4ec1df39bc8a51c8b6fd","","0","0","0","0.000013446700134467","0.000319306407711969","29.11","","","Add Collateral"
"0x735f6bafe5b1decbf82245c9b95cef19d9eb616cb7f2f7a1060d44f11d0d060b","21580592","1765480411","2025-12-11 19:13:31","0x707da47b391c0e883dec5d4399238daa99fa59d9","0x78dd09e369f35d033a1d4ec1df39bc8a51c8b6fd","","0","0","0","0.0016577543","0.0393651650671729","29.11","","","Withdraw"
"0x2c9016fd298c677aeb4cde72242b06b7c024bae3349174128e181eea49a6b6d2","21581211","1765481020","2025-12-11 19:23:40","0x7f528db87d9c330e0cc35c8da23de5a1026bebc8","0x78dd09e369f35d033a1d4ec1df39bc8a51c8b6fd","","0","0","0","0.000224654849730169","0.00533467187674858","29.11","","","Add Collateral"
"0x682efe3b17f97cc6d532bdfc8747e6c329068b4ff985bf204699e391ece2eed1","21581227","1765481036","2025-12-11 19:23:56","0x7f528db87d9c330e0cc35c8da23de5a1026bebc8","0x78dd09e369f35d033a1d4ec1df39bc8a51c8b6fd","","0","0","0","0.000275853931081605","0.00655044932259016","29.11","","","Borrow Asset"
"0x789e140099730c92b5ea8cb889b1b55cf9f7d13eb43955189ca1eee84f427f00","21581306","1765481113","2025-12-11 19:25:13","0x7f528db87d9c330e0cc35c8da23de5a1026bebc8","0x78dd09e369f35d033a1d4ec1df39bc8a51c8b6fd","","0","0","0","0.0000708978","0.00168354478097231","29.11","","","Add Collateral"
"0xd778c2321cdb8761bdf6af71677f5d51656581042f7d66e3be85d6ad7f2a94e9","21581335","1765481142","2025-12-11 19:25:42","0x7f528db87d9c330e0cc35c8da23de5a1026bebc8","0x78dd09e369f35d033a1d4ec1df39bc8a51c8b6fd","","0","0","0","0.000113167909","0.00268729414129211","29.11","","","Borrow Asset"
"0xe6ca003b5d29c55bac5d9b0690786a811e9f4f77a9fb882963d35cc934e1eda0","21581404","1765481210","2025-12-11 19:26:50","0x7f528db87d9c330e0cc35c8da23de5a1026bebc8","0x78dd09e369f35d033a1d4ec1df39bc8a51c8b6fd","","0","0","0","0.000707337973417922","0.0167965036084515","29.11","","","Add Collateral"
"0xbd1853a47449b55943481463456c19cbf95efe664ff19e98a0b2aaa4c6430db6","21581613","1765481415","2025-12-11 19:30:15","0xf2dfe24775f18d36bce5cc7fb8a2c408c86f2888","0x78dd09e369f35d033a1d4ec1df39bc8a51c8b6fd","","0","0","0","0.000037876129107375","0.000899409565348357","29.11","","","Add Collateral"
"0x97863b7406d304219f704dff69c5ab04899f6c73d2f6afa4ede9175276fe2577","21582081","1765481876","2025-12-11 19:37:56","0x707da47b391c0e883dec5d4399238daa99fa59d9","0x78dd09e369f35d033a1d4ec1df39bc8a51c8b6fd","","0","0","0","0.0001454060868","0.00345282446780785","29.11","","","Deposit"
"0x9a96d31cbc2aa86c530535782722989c0eebb628dedc416a557ddf61f82e2f01","21582090","1765481884","2025-12-11 19:38:04","0x6a4168dc36127656f7798c1138254ce4a90df956","0x78dd09e369f35d033a1d4ec1df39bc8a51c8b6fd","","0","0","0","0.000013092782934","0.000310902261804161","29.11","Error(0)","execution reverted","Add Collateral"
"0x4a34bd800754b10fa4ba4e5aeaa3d84dc5d62fb8219668b738d70467b6dd88ca","21582111","1765481905","2025-12-11 19:38:25","0x785feab33ecb42190abfbc0a1a8aac2d8b686703","0x78dd09e369f35d033a1d4ec1df39bc8a51c8b6fd","","0","0","0","0.0000126983659","0.000301536403637656","29.11","Error(0)","execution reverted","Add Collateral"
"0xe8a745cae781bd6a1747a7d7521e18ea633c3e9c44639f50a7526156bd080b23","21582148","1765481941","2025-12-11 19:39:01","0x707da47b391c0e883dec5d4399238daa99fa59d9","0x78dd09e369f35d033a1d4ec1df39bc8a51c8b6fd","","0","0","0","0.000246175118","0.00584569387363421","29.11","","","Add Collateral"
"0x472869c75be326c14a5c3dc25992d889dde0d8418a33b7b5365d6419bf6b2666","21582196","1765481989","2025-12-11 19:39:49","0x785feab33ecb42190abfbc0a1a8aac2d8b686703","0x78dd09e369f35d033a1d4ec1df39bc8a51c8b6fd","","0","0","0","0.000012585100125851","0.000298846785582775","29.11","Error(0)","execution reverted","Add Collateral"
"0xd94762171727dc5d489f13d911b869a0d58b6d49154e56d85c5fb967fba2ff72","21582215","1765482007","2025-12-11 19:40:07","0x707da47b391c0e883dec5d4399238daa99fa59d9","0x78dd09e369f35d033a1d4ec1df39bc8a51c8b6fd","","0","0","0","0.000660651554","0.0156878841907358","29.11","","","Borrow Asset"
"0xfe94943cab7367a1c524a2391a30b01deacedf772eca9d4e7bf209a686fcc58c","21582289","1765482080","2025-12-11 19:41:20","0x6a4168dc36127656f7798c1138254ce4a90df956","0x78dd09e369f35d033a1d4ec1df39bc8a51c8b6fd","","0","0","0","0.0000150895349","0.000358317292330574","29.11","Error(0)","execution reverted","Add Collateral"
"0xc04d2d52d20080df733993f6e50fa3140e7706baff1008235022b2f15dc0a25a","21582311","1765482102","2025-12-11 19:41:42","0x6a4168dc36127656f7798c1138254ce4a90df956","0x78dd09e369f35d033a1d4ec1df39bc8a51c8b6fd","","0","0","0","0.00001473841061","0.000349979467096193","29.11","Error(0)","execution reverted","Add Collateral"
"0x2343288acb7b1c95a23e7a662dc5fdf19495711e0185ff97663e8885e4d0d23e","21582334","1765482124","2025-12-11 19:42:04","0x6a4168dc36127656f7798c1138254ce4a90df956","0x78dd09e369f35d033a1d4ec1df39bc8a51c8b6fd","","0","0","0","0.000022656777199133","0.000538009628045622","29.11","Error(0)","execution reverted","Add Collateral"
"0xb80135f22b6ad5aaea0972b87d65b2eaa3cc4788e12f1750dd09a4daacddd71d","21582380","1765482170","2025-12-11 19:42:50","0x785feab33ecb42190abfbc0a1a8aac2d8b686703","0x78dd09e369f35d033a1d4ec1df39bc8a51c8b6fd","","0","0","0","0.000029686871321338","0.000704946800555662","29.11","Error(0)","execution reverted","Add Collateral"
"0x9a4dd9c8892fff00129245f5d9ea780fb9f7f618ef7b0ff399edd736dc26ca45","21582441","1765482230","2025-12-11 19:43:50","0x6a4168dc36127656f7798c1138254ce4a90df956","0x78dd09e369f35d033a1d4ec1df39bc8a51c8b6fd","","0","0","0","0.0000191419371","0.000454545956325941","29.11","Error(0)","execution reverted","Add Collateral"
"0x28237055795854da68ad25b946f8b49f45608dfc7f6a8d1d6bfa4b507840eb9b","21582731","1765482515","2025-12-11 19:48:35","0x6a4168dc36127656f7798c1138254ce4a90df956","0x78dd09e369f35d033a1d4ec1df39bc8a51c8b6fd","","0","0","0","0.000014034666388","0.000333268300993895","29.11","","","Add Collateral"
"0xe2723cecf74af09630fc39b1bd2a121ef393cb34895f3bfac9350af78b363ea8","21582753","1765482537","2025-12-11 19:48:57","0x7f528db87d9c330e0cc35c8da23de5a1026bebc8","0x78dd09e369f35d033a1d4ec1df39bc8a51c8b6fd","","0","0","0","0.000107998427297728","0.00256453921885175","29.11","","","Remove Collateral"
"0x1220a93e9b3d5c68da7717eed32ef37b83de4c9153c5551bcf805f87f1bd138a","21582772","1765482555","2025-12-11 19:49:15","0x6a4168dc36127656f7798c1138254ce4a90df956","0x78dd09e369f35d033a1d4ec1df39bc8a51c8b6fd","","0","0","0","0.000012127499365","0.000287980561628017","29.11","","","Add Collateral"
"0x4ecebcf4f4b0a3f299fa50ec6d154a540bfc2306ca7fbb5b3d40274dec08131a","21582796","1765482579","2025-12-11 19:49:39","0x6a4168dc36127656f7798c1138254ce4a90df956","0x78dd09e369f35d033a1d4ec1df39bc8a51c8b6fd","","0","0","0","0.000014651921126885","0.000347925680971557","29.11","","","Add Collateral"
"0x5a6fffb415d67ae803f7119d07da8a86f76d91bcad024628657367a4a778ec87","21582857","1765482639","2025-12-11 19:50:39","0x6a4168dc36127656f7798c1138254ce4a90df956","0x78dd09e369f35d033a1d4ec1df39bc8a51c8b6fd","","0","0","0","0.00001222586298","0.000290316311830009","29.11","Error(0)","execution reverted","Borrow Asset"
"0xe0869563e7b87e680c1c017fa882b1cd95cd3eca85f718058b80648d23435f79","21583288","1765483063","2025-12-11 19:57:43","0x7f528db87d9c330e0cc35c8da23de5a1026bebc8","0x78dd09e369f35d033a1d4ec1df39bc8a51c8b6fd","","0","0","0","0.0001895194","0.00450034270122633","29.11","","","Repay Asset"
"0x6d6c0de8914cf3e67bb2db7b82a7a259bf3ef0b1f60ff47a28baa4dfe043a5f9","21584305","1765484063","2025-12-11 20:14:23","0x6a4168dc36127656f7798c1138254ce4a90df956","0x78dd09e369f35d033a1d4ec1df39bc8a51c8b6fd","","0","0","0","0.000022254441","0.000528455720755881","29.11","","","Borrow Asset"
"0xe218e59819a8e1c615ba62ca6422e24a456e4f45bf2236e25e446af3a6f92e02","21584339","1765484097","2025-12-11 20:14:57","0xf34e95ce80d4c8f5a6120cbeabb6e68e66c22f95","0x78dd09e369f35d033a1d4ec1df39bc8a51c8b6fd","","0","0","0","0.000835972121521509","0.0198510602899651","29.11","","","Add Collateral"
"0xe1debd6666edb68c41937f3efe915e958e45ba8de131859f6e80c927b8f4ac1e","21584412","1765484168","2025-12-11 20:16:08","0xf34e95ce80d4c8f5a6120cbeabb6e68e66c22f95","0x78dd09e369f35d033a1d4ec1df39bc8a51c8b6fd","","0","0","0","0.0001185918","0.00281609028709089","29.11","","","Borrow Asset"
"0x9f19e5bd70e13deae06beafc8e58e7ed2c3e7d8d2fd18b43d6a112546a8214f9","21584516","1765484271","2025-12-11 20:17:51","0xf34e95ce80d4c8f5a6120cbeabb6e68e66c22f95","0x78dd09e369f35d033a1d4ec1df39bc8a51c8b6fd","","0","0","0","0.000345997916","0.00821609395085739","29.11","","","Add Collateral"
"0xe7608363a68c079358133446db678beb215e4913c58e81f0a369b7977bef49b5","21584551","1765484305","2025-12-11 20:18:25","0xf34e95ce80d4c8f5a6120cbeabb6e68e66c22f95","0x78dd09e369f35d033a1d4ec1df39bc8a51c8b6fd","","0","0","0","0.000443989214853235","0.0105430031041042","29.11","","","Borrow Asset"
"0x29f79e0a03e045e0bdb65ea7ac75180f3f79dd593da458213f755998839be24f","21585217","1765484960","2025-12-11 20:29:20","0x2155422d571ee78f3bab97d8dddf15a6d9157acf","0x78dd09e369f35d033a1d4ec1df39bc8a51c8b6fd","","0","0","0","0.000177148095","0.0042065727116559","29.11","Error(0)","execution reverted","Add Collateral"
"0x97027556ffd71411af08fddde4842844752e16cefce5cd253c2b66a6b1e8b096","21585296","1765485038","2025-12-11 20:30:38","0x2155422d571ee78f3bab97d8dddf15a6d9157acf","0x78dd09e369f35d033a1d4ec1df39bc8a51c8b6fd","","0","0","0","0.000197882432","0.00469893192228403","29.11","","","Add Collateral"
"0x3703eabea301b6b40437a18a678894ee95112643685553930ddb6bb8f9210a79","21585315","1765485057","2025-12-11 20:30:57","0x2155422d571ee78f3bab97d8dddf15a6d9157acf","0x78dd09e369f35d033a1d4ec1df39bc8a51c8b6fd","","0","0","0","0.000832661533","0.0197724467924048","29.11","","","Borrow Asset"
"0x334274bbc5ac75fceda2f3189a94472510615cca5c69688b49d9144c5d40db4e","21585524","1765485262","2025-12-11 20:34:22","0x707da47b391c0e883dec5d4399238daa99fa59d9","0x78dd09e369f35d033a1d4ec1df39bc8a51c8b6fd","","0","0","0","0.001507594302717932","0.0357994538640743","29.11","","","Borrow Asset"
"0x7ed7f292e8647cf801a410c95024bf8a1a414386bb342514e19132998e1dd147","21585838","1765485571","2025-12-11 20:39:31","0x2155422d571ee78f3bab97d8dddf15a6d9157acf","0x78dd09e369f35d033a1d4ec1df39bc8a51c8b6fd","","0","0","0","0.00021288197","0.00505511214109048","29.11","","","Add Collateral"
"0x251b490749ebca4e3de881b4044f87c52a4af24b55a1c481bbeb1e7c4b400db4","21585863","1765485596","2025-12-11 20:39:56","0x2155422d571ee78f3bab97d8dddf15a6d9157acf","0x78dd09e369f35d033a1d4ec1df39bc8a51c8b6fd","","0","0","0","0.000434742728","0.0103234352940439","29.11","","","Borrow Asset"
"0xdb587e2e99010a3d9793e23ed58a46a9215e5c16d1fd47094e957a6fb0dddf9d","21585915","1765485647","2025-12-11 20:40:47","0x2155422d571ee78f3bab97d8dddf15a6d9157acf","0x78dd09e369f35d033a1d4ec1df39bc8a51c8b6fd","","0","0","0","0.000081767283316905","0.00194165239376201","29.11","Error(0)","execution reverted","Add Collateral"
"0x7ff5ddb12a708f779afb56d24d57a3ceadd0bdccd0d033f2272e94ab4916ce9a","21585930","1765485661","2025-12-11 20:41:01","0x2155422d571ee78f3bab97d8dddf15a6d9157acf","0x78dd09e369f35d033a1d4ec1df39bc8a51c8b6fd","","0","0","0","0.0001127668241","0.00267776994745081","29.11","","","Add Collateral"
"0xdfcf2a34bf821d7098455483c51bfd1ea1ee735c6d0e1ae40fcb4bba04abde12","21585955","1765485686","2025-12-11 20:41:26","0x2155422d571ee78f3bab97d8dddf15a6d9157acf","0x78dd09e369f35d033a1d4ec1df39bc8a51c8b6fd","","0","0","0","0.000134854794474628","0.00320227264353554","29.11","","","Borrow Asset"
"0x8cb28db3a2605746f18efac525e5b81b6efe7a95928f1770dfe6433b77d69860","21586001","1765485731","2025-12-11 20:42:11","0x2155422d571ee78f3bab97d8dddf15a6d9157acf","0x78dd09e369f35d033a1d4ec1df39bc8a51c8b6fd","","0","0","0","0.0001127668241","0.00267776994745081","29.11","","","Add Collateral"
"0xe542f492db9aff3c48a006ee0900a162598cdbedf533320540657b8eeb0169ed","21586316","1765486041","2025-12-11 20:47:21","0x2155422d571ee78f3bab97d8dddf15a6d9157acf","0x78dd09e369f35d033a1d4ec1df39bc8a51c8b6fd","","0","0","0","0.000297712109","0.00706949534878671","29.11","","","Borrow Asset"
"0xd4ee9542617091334dc0bfc70a5b397e742c1cc939e0005cbcee59345e542185","21586364","1765486088","2025-12-11 20:48:08","0x2155422d571ee78f3bab97d8dddf15a6d9157acf","0x78dd09e369f35d033a1d4ec1df39bc8a51c8b6fd","","0","0","0","0.000176465824","0.00419037145038603","29.11","","","Add Collateral"
"0xd0cbc503176442ffdf55f3b41febd14c555e1fe72ac539646ee9dfb222727e96","21586453","1765486176","2025-12-11 20:49:36","0x707da47b391c0e883dec5d4399238daa99fa59d9","0x78dd09e369f35d033a1d4ec1df39bc8a51c8b6fd","","0","0","0","0.0000357113592","0.000848004767462286","29.11","","","Repay Asset"
"0xac1c5127a040fe7af68c5ee0a4113013b266ea4cfcda4b0246a5dbe417bf553f","21587943","1765487641","2025-12-11 21:14:01","0x6e3a7ce3eeb814ad53ae6d11911894f225928cdd","0x78dd09e369f35d033a1d4ec1df39bc8a51c8b6fd","","0","0","0","0.000013445500134455","0.000319277912416524","29.11","","","Add Collateral"
"0x83006ff221505fd6101ba88aee89027694133efb0b27960fcddb5b92119788b0","21594842","1765494427","2025-12-11 23:07:07","0xeeeb473f00ab7231493b4e231de4da89d073c940","0x78dd09e369f35d033a1d4ec1df39bc8a51c8b6fd","","0","0","0","0.0000145672822","0.000345915838301906","29.11","Error(0)","execution reverted","Add Collateral"
"0xe638ce91f127583d0e7e02628786b0683703675eacb5868582b1070a921b4b0c","21594857","1765494442","2025-12-11 23:07:22","0xeeeb473f00ab7231493b4e231de4da89d073c940","0x78dd09e369f35d033a1d4ec1df39bc8a51c8b6fd","","0","0","0","0.0000142970628","0.000339499187001196","29.11","Error(0)","execution reverted","Add Collateral"
"0xa472a6ff6c4824bab927a1b24dd29f082c7e6cd429c3fd549ad97f96fb0f878e","21595624","1765495197","2025-12-11 23:19:57","0xeeeb473f00ab7231493b4e231de4da89d073c940","0x78dd09e369f35d033a1d4ec1df39bc8a51c8b6fd","","0","0","0","0.000013770300137703","0.000326990639050185","29.11","","","Add Collateral"
"0x725b2265c75e2c83a7f38f639a4ef3db53f150fefe187ac4d819687476b5d59b","21617338","1765516555","2025-12-12 05:15:55","0x0e78ec0bd41ec84a8f85d9daaacc4c2f8d05b781","0x78dd09e369f35d033a1d4ec1df39bc8a51c8b6fd","","0","0","0","0.0000664939315","0.00157897017034598","28.59","","","Add Collateral"
"0xaab77754e53977a28776a240cb2d6787c582767a4f842bc88106de461e8b74f5","21619558","1765518738","2025-12-12 05:52:18","0x0e78ec0bd41ec84a8f85d9daaacc4c2f8d05b781","0x78dd09e369f35d033a1d4ec1df39bc8a51c8b6fd","","0","0","0","0.0000440706","0.00104650396238414","28.59","","","Borrow Asset"
"0x7b56526d7ff057e69908443ea345330174c07bd81d5276e84b79670c47edd9d6","21619659","1765518838","2025-12-12 05:53:58","0x0e78ec0bd41ec84a8f85d9daaacc4c2f8d05b781","0x78dd09e369f35d033a1d4ec1df39bc8a51c8b6fd","","0","0","0","0.0000285553911","0.000678078581493759","28.59","","","Add Collateral"
"0xe373d78d4c9f89b1306b38b3f271a9793ed0c01ebab489bfd41d52053d987602","21619695","1765518873","2025-12-12 05:54:33","0x0e78ec0bd41ec84a8f85d9daaacc4c2f8d05b781","0x78dd09e369f35d033a1d4ec1df39bc8a51c8b6fd","","0","0","0","0.000349008949","0.00828759417924932","28.59","","","Borrow Asset"
"0x1aad0b5ed6ec4f08f107ef407c78a62668323ae0dda7e852a58784fe1080720a","21619766","1765518943","2025-12-12 05:55:43","0x0e78ec0bd41ec84a8f85d9daaacc4c2f8d05b781","0x78dd09e369f35d033a1d4ec1df39bc8a51c8b6fd","","0","0","0","0.000064863","0.00154024194161465","28.59","Error(0)","execution reverted","Add Collateral"
"0x5fa3e490c0fa5fa8bfd6640a02a20e354b25be6302665eeff9d7a2c3dcaf23dd","21619808","1765518984","2025-12-12 05:56:24","0x0e78ec0bd41ec84a8f85d9daaacc4c2f8d05b781","0x78dd09e369f35d033a1d4ec1df39bc8a51c8b6fd","","0","0","0","0.000084435847102305","0.00200502032102635","28.59","Error(0)","execution reverted","Add Collateral"
"0x378473fcfaa8b4a3221594d8396d97375add71d1205c496b480738f567813bb6","21619905","1765519080","2025-12-12 05:58:00","0x0e78ec0bd41ec84a8f85d9daaacc4c2f8d05b781","0x78dd09e369f35d033a1d4ec1df39bc8a51c8b6fd","","0","0","0","0.000096840459","0.00229958121883067","28.59","Error(0)","execution reverted","Add Collateral"
"0x993dc6e16a312903305f9b075a2d1026fe13aef9cabec0c31dfaa66093dbd438","21619973","1765519146","2025-12-12 05:59:06","0x0e78ec0bd41ec84a8f85d9daaacc4c2f8d05b781","0x78dd09e369f35d033a1d4ec1df39bc8a51c8b6fd","","0","0","0","0.000353395245","0.00839175151189716","28.59","Error(0)","execution reverted","Add Collateral"
"0x1d8ee3f1deee34b5262ccc06436c4d4325b4e5fae0518810d9e883136f4de382","21620288","1765519456","2025-12-12 06:04:16","0xdebf6e33d24637f83f43eb4e9fb5521a087fcbe1","0x78dd09e369f35d033a1d4ec1df39bc8a51c8b6fd","","0","0","0","0.000497931301","0.011823916159335","28.59","","","Add Collateral"
"0x9165c82ead9ca2890aa0b155b1bc13ba0279933e0cbb2d6d5530da554c00660a","21620309","1765519477","2025-12-12 06:04:37","0xdebf6e33d24637f83f43eb4e9fb5521a087fcbe1","0x78dd09e369f35d033a1d4ec1df39bc8a51c8b6fd","","0","0","0","0.000472416331020711","0.0112180356588781","28.59","","","Borrow Asset"
"0x848023820b20e4e79436def6aa6a85e8dbae3d51806a01bbbaf3728ff4339ab7","21620374","1765519541","2025-12-12 06:05:41","0xdebf6e33d24637f83f43eb4e9fb5521a087fcbe1","0x78dd09e369f35d033a1d4ec1df39bc8a51c8b6fd","","0","0","0","0.0000523808921","0.00124384081759418","28.59","","","Add Collateral"
"0x22046efeebcbd3b99441edc8c55bb604bbfb301693dd0afbd6960c91d0b8f2de","21620405","1765519571","2025-12-12 06:06:11","0xdebf6e33d24637f83f43eb4e9fb5521a087fcbe1","0x78dd09e369f35d033a1d4ec1df39bc8a51c8b6fd","","0","0","0","0.0000738100664","0.00175269968984849","28.59","","","Borrow Asset"
"0xd890f2f6aa1e68ebadafdaf2099c9959ad89cfaf1d17749ef2b21146c4be2ef5","21620469","1765519634","2025-12-12 06:07:14","0xdebf6e33d24637f83f43eb4e9fb5521a087fcbe1","0x78dd09e369f35d033a1d4ec1df39bc8a51c8b6fd","","0","0","0","0.00003942545740443","0.000936200037951451","28.59","Error(0)","execution reverted","Add Collateral"
"0x02a4d43a9dd49a93ecbdc5d10d61af72dd8dcf7e86c811b3837c80e7e7d504f1","21620509","1765519674","2025-12-12 06:07:54","0xdebf6e33d24637f83f43eb4e9fb5521a087fcbe1","0x78dd09e369f35d033a1d4ec1df39bc8a51c8b6fd","","0","0","0","0.0000557141149","0.00132299179052646","28.59","","","Add Collateral"
"0x7e7914ea9a99627fbb15605c495532fc98a70d3bfd72bdebb042bd5d5783028f","21620540","1765519704","2025-12-12 06:08:24","0xdebf6e33d24637f83f43eb4e9fb5521a087fcbe1","0x78dd09e369f35d033a1d4ec1df39bc8a51c8b6fd","","0","0","0","0.000496701303","0.0117947085292886","28.59","","","Borrow Asset"
"0x4e8e7cd2af3a10097aeba83a8ab3b73551c1d9adb01a2ed452e6306829924c95","21620619","1765519782","2025-12-12 06:09:42","0xdebf6e33d24637f83f43eb4e9fb5521a087fcbe1","0x78dd09e369f35d033a1d4ec1df39bc8a51c8b6fd","","0","0","0","0.000142835639","0.00339178641051338","28.59","","","Add Collateral"
"0x6b528454c61268e971895f27f443272230ec0e2a363dbf082eb33f4e318a2013","21620681","1765519843","2025-12-12 06:10:43","0x7eef6f6affb8d30dbfc332e9f3065b27ae80d5e1","0x78dd09e369f35d033a1d4ec1df39bc8a51c8b6fd","","0","0","0","0.000088364743386465","0.0020983162037502","28.59","","","Add Collateral"
"0x727f930fb065a5ae0757500adb2a85dcb0b7a69cac51cc4512a87d09700d4b1e","21620780","1765519940","2025-12-12 06:12:20","0x0e78ec0bd41ec84a8f85d9daaacc4c2f8d05b781","0x78dd09e369f35d033a1d4ec1df39bc8a51c8b6fd","","0","0","0","0.000140004515","0.00332455831550217","28.59","","","Add Collateral"
"0xf55def82da6ebf7a4988eecca9092f8bad883dd1cbf3a3fb06995abbeb6310f4","21620806","1765519966","2025-12-12 06:12:46","0x0e78ec0bd41ec84a8f85d9daaacc4c2f8d05b781","0x78dd09e369f35d033a1d4ec1df39bc8a51c8b6fd","","0","0","0","0.000285454293","0.00677842027800992","28.59","","","Borrow Asset"
"0xae454fa3d8911875f17f50cb4d6bc77a3a206f8c4eb4e5d3d7772699f310e04a","21620883","1765520041","2025-12-12 06:14:01","0x0e78ec0bd41ec84a8f85d9daaacc4c2f8d05b781","0x78dd09e369f35d033a1d4ec1df39bc8a51c8b6fd","","0","0","0","0.00170768985","0.0405509385973457","28.59","","","Add Collateral"
"0xa74645a4f0fe0dcd105d21cafea62c042ba71398e918d985974babe46c1f8a4a","21623568","1765522682","2025-12-12 06:58:02","0x7eef6f6affb8d30dbfc332e9f3065b27ae80d5e1","0x78dd09e369f35d033a1d4ec1df39bc8a51c8b6fd","","0","0","0","0.0001288446","0.00305955408893457","28.59","","","Borrow Asset"
"0x9f01385485439dd2b61f93b5a98ec0df5f8035d30fd2a609b8428850d40472d0","21623877","1765522986","2025-12-12 07:03:06","0x9751ee0e42408e7f7a8fa4fe083c222608c4f62a","0x78dd09e369f35d033a1d4ec1df39bc8a51c8b6fd","","0","0","0","0.00001569767758","0.00037275829663537","28.59","","","Add Collateral"
"0xa00d1d1041fcfbfa662566dada7233e720498262afd9bbdb3845c178cb34c1c3","21623973","1765523081","2025-12-12 07:04:41","0x9751ee0e42408e7f7a8fa4fe083c222608c4f62a","0x78dd09e369f35d033a1d4ec1df39bc8a51c8b6fd","","0","0","0","0.00002540829315","0.000603347344009223","28.59","","","Borrow Asset"
"0x6838e2ab3c6bfed611213649fd95eeb1b1795b356829cb87aa2fcb7df3a84ecb","21627026","1765526084","2025-12-12 07:54:44","0xf30187984546eb7f6210bba0fa00ba63c2440920","0x78dd09e369f35d033a1d4ec1df39bc8a51c8b6fd","","0","0","0","0.000020107959258657","0.000477485195110651","28.59","","","Add Collateral"
"0xf90186b944c16916f7f43b2d26287a5ecdf7de26079933b45837afa9e88ec487","21629477","1765528495","2025-12-12 08:34:55","0x5c70e5c5d26ec4d3edf7419a5211a291a175452f","0x78dd09e369f35d033a1d4ec1df39bc8a51c8b6fd","","0","0","0","0.000297082989","0.0070545562153777","28.59","Error(0)","execution reverted","Add Collateral"
"0x10f4ad902a517566c99a791bb8c7a57e5195696fc2158986734cbaef598c2d8b","21629494","1765528511","2025-12-12 08:35:11","0x5c70e5c5d26ec4d3edf7419a5211a291a175452f","0x78dd09e369f35d033a1d4ec1df39bc8a51c8b6fd","","0","0","0","0.000297082989","0.0070545562153777","28.59","Error(0)","execution reverted","Add Collateral"
"0x1739803652f56452e8a21ed56914592257e02a631c8dea221d6399796ddb7377","21629542","1765528559","2025-12-12 08:35:59","0x5c70e5c5d26ec4d3edf7419a5211a291a175452f","0x78dd09e369f35d033a1d4ec1df39bc8a51c8b6fd","","0","0","0","0.00010085025","0.00239479803389179","28.59","","","Add Collateral"
"0x2a02fbf2f92da2da16fa1cef037515022058f23aa0af24946ad993928253e4a4","21629573","1765528589","2025-12-12 08:36:29","0x5c70e5c5d26ec4d3edf7419a5211a291a175452f","0x78dd09e369f35d033a1d4ec1df39bc8a51c8b6fd","","0","0","0","0.0000966603253","0.00229530374970593","28.59","","","Borrow Asset"
"0x507f44a3e53319a86f939b7fd3367c88be95676dd57dcdaaff2e9ec9e6ba8748","21632910","1765531871","2025-12-12 09:31:11","0x923cfad5804fe11f307c2a1f61807965a704d658","0x78dd09e369f35d033a1d4ec1df39bc8a51c8b6fd","","0","0","0","0.00001480031646","0.000351449488319407","28.59","Error(0)","execution reverted","Add Collateral"
"0x3e67b0a5440561aff5fae1a4424121a526b6e98b544c36a8c4bde53168f80d5f","21632934","1765531895","2025-12-12 09:31:35","0x923cfad5804fe11f307c2a1f61807965a704d658","0x78dd09e369f35d033a1d4ec1df39bc8a51c8b6fd","","0","0","0","0.00001591820346","0.00037799492166948","28.59","","","Add Collateral"
"0xd86871f8beb61a51ef6bea11761e64516e1435faf36802bccba8426f4b963fb3","21632978","1765531938","2025-12-12 09:32:18","0x923cfad5804fe11f307c2a1f61807965a704d658","0x78dd09e369f35d033a1d4ec1df39bc8a51c8b6fd","","0","0","0","0.0000247610209","0.000587977165832246","28.59","","","Borrow Asset"
"0x5a2109f8c8ba1868c1b17c2a9b5261b5634aeab9aefd21ca4dce7448854d797d","21633761","1765532708","2025-12-12 09:45:08","0xeeeb473f00ab7231493b4e231de4da89d073c940","0x78dd09e369f35d033a1d4ec1df39bc8a51c8b6fd","","0","0","0","0.000021029885064706","0.000499377318409505","28.59","","","Borrow Asset"
"0xbe36e23f7315e2418d847d32d01c972d6198c0e80f707ef09efd7e86768e719a","21633879","1765532824","2025-12-12 09:47:04","0xeeeb473f00ab7231493b4e231de4da89d073c940","0x78dd09e369f35d033a1d4ec1df39bc8a51c8b6fd","","0","0","0","0.0000140381892","0.000333351953967005","28.59","","","Add Collateral"
"0x40e2c5aa3ffd035cb82c55abe8b217f6ebc83693367e5f439451e81063616fb7","21633913","1765532858","2025-12-12 09:47:38","0xeeeb473f00ab7231493b4e231de4da89d073c940","0x78dd09e369f35d033a1d4ec1df39bc8a51c8b6fd","","0","0","0","0.000018667758859","0.000443286082212976","28.59","","","Borrow Asset"
"0xdd6cd67701b47c0b2984d24febf86d75b56f27e0818b9f033dee10f4ddb80744","21634066","1765533008","2025-12-12 09:50:08","0xeeeb473f00ab7231493b4e231de4da89d073c940","0x78dd09e369f35d033a1d4ec1df39bc8a51c8b6fd","","0","0","0","0.0000140367924","0.000333318785443439","28.59","","","Add Collateral"
"0x7612ef19fb7ae32bdef19f5cd6c530c12f6bc515f67bdd8180654462583e07e0","21642100","1765540911","2025-12-12 12:01:51","0xe9b71f2246d6f559bf4a0ebb7d2694da6fa56bfa","0x78dd09e369f35d033a1d4ec1df39bc8a51c8b6fd","","0","0","0","0.000021136326","0.000501904873299728","28.59","","","Add Collateral"
"0xc35dcfe760a60332d6300394d6e84d996ba0fdd964daa265569e1e9b9e893cf2","21642277","1765541085","2025-12-12 12:04:45","0xa7e55d755cd6e757526cfd1f197f3f666d24f202","0x78dd09e369f35d033a1d4ec1df39bc8a51c8b6fd","","0","0","0","0.00001386881927","0.000329330082178245","28.59","","","Add Collateral"
"0xccdbbcea02cc2e999f443c1848288fa60c2db65e8eb88b7ef9129b0593c1c042","21642309","1765541116","2025-12-12 12:05:16","0xa7e55d755cd6e757526cfd1f197f3f666d24f202","0x78dd09e369f35d033a1d4ec1df39bc8a51c8b6fd","","0","0","0","0.0000222324069","0.000527932497269984","28.59","","","Borrow Asset"
"0x48df16ad795416d7139cea57d7bb219c95579c9acb27837d48d47d4622323153","21650305","1765548981","2025-12-12 14:16:21","0x3aa8440d4625f36a1c2cdd623bf269b820de2afb","0x78dd09e369f35d033a1d4ec1df39bc8a51c8b6fd","","0","0","0","0.000015759655571772","0.000374230030942822","28.59","","","Add Collateral"
"0x8f471a125340319dd3e46a83bc086ee0e3f4ce87ce2efaac77530e462f6bf012","21650358","1765549033","2025-12-12 14:17:13","0x3aa8440d4625f36a1c2cdd623bf269b820de2afb","0x78dd09e369f35d033a1d4ec1df39bc8a51c8b6fd","","0","0","0","0.0000200605615","0.000476359684174955","28.59","","","Borrow Asset"
"0x6736e3395dba06930cabe496aa2e16a8a0958788f7200c3b16650f8a45ef3839","21650363","1765549038","2025-12-12 14:17:18","0x707da47b391c0e883dec5d4399238daa99fa59d9","0x78dd09e369f35d033a1d4ec1df39bc8a51c8b6fd","","0","0","0","0.0001083311064","0.00257243904319565","28.59","","","Repay Asset"
"0xc393b99d7d95774b6e1504f0c3d4714bf81e0293a72b2653f68d87cdd2d01a3b","21650416","1765549090","2025-12-12 14:18:10","0x707da47b391c0e883dec5d4399238daa99fa59d9","0x78dd09e369f35d033a1d4ec1df39bc8a51c8b6fd","","0","0","0","0.0001093954136","0.00259771216636606","28.59","","","Withdraw"
"0x39f329955bc32e04c459bc28cebf31eb78a0380b2d3ea4d5feee323e7c20b604","21651087","1765549750","2025-12-12 14:29:10","0x3aa8440d4625f36a1c2cdd623bf269b820de2afb","0x78dd09e369f35d033a1d4ec1df39bc8a51c8b6fd","","0","0","0","0.00001279178555","0.000303754754054703","28.59","","","Add Collateral"
"0x9c6c0eef13b1f2b2db5c4bbed54e5f51bdbef026c278bf0948995589468662ad","21651136","1765549799","2025-12-12 14:29:59","0x3aa8440d4625f36a1c2cdd623bf269b820de2afb","0x78dd09e369f35d033a1d4ec1df39bc8a51c8b6fd","","0","0","0","0.000019640010602","0.000466373249201499","28.59","","","Borrow Asset"
"0xa2161e64807a7dd2741eade96c02ef25653fa72a46c8b9e389622c9323a12b4d","21652219","1765550864","2025-12-12 14:47:44","0x3aa8440d4625f36a1c2cdd623bf269b820de2afb","0x78dd09e369f35d033a1d4ec1df39bc8a51c8b6fd","","0","0","0","0.000262552225","0.00623458595515543","28.59","","","Add Collateral"
"0xc70918fa1c09a795cafa93c08accf59bbee965cdbd9d7f58913b4921d1e5fb92","21652269","1765550913","2025-12-12 14:48:33","0x3aa8440d4625f36a1c2cdd623bf269b820de2afb","0x78dd09e369f35d033a1d4ec1df39bc8a51c8b6fd","","0","0","0","0.000365973166657959","0.00869042783701212","28.59","","","Borrow Asset"
"0x52e8d902e100f23ddf5e1eea23770fe1085e8b901ffdeed4e1f36a8951fac98f","21653089","1765551720","2025-12-12 15:02:00","0x3aa8440d4625f36a1c2cdd623bf269b820de2afb","0x78dd09e369f35d033a1d4ec1df39bc8a51c8b6fd","","0","0","0","0.00722541644","0.171575311757397","28.59","Error(0)","execution reverted","Add Collateral"
"0x13eb1483a1b2939fe8ba9d78ce723571cf522aba36a48d8f91118c6572e0d287","21653389","1765552015","2025-12-12 15:06:55","0x3aa8440d4625f36a1c2cdd623bf269b820de2afb","0x78dd09e369f35d033a1d4ec1df39bc8a51c8b6fd","","0","0","0","0.000500354169588074","0.0118814497889601","28.59","Error(0)","execution reverted","Add Collateral"
"0x22f5087ecdadecd72847dd547fdaa724e9180fed7fd61ff5ea3fe4d3b98214e0","21656996","1765555562","2025-12-12 16:06:02","0x3aa8440d4625f36a1c2cdd623bf269b820de2afb","0x78dd09e369f35d033a1d4ec1df39bc8a51c8b6fd","","0","0","0","0.005351391443434696","0.127074565579389","28.59","Error(0)","execution reverted","Add Collateral"
"0x27894ccdd07f6c5554202059234f8e695f65e7a4401c8f40adddbc659eff62fc","21659988","1765558505","2025-12-12 16:55:05","0x734b5b99ba25159104b8d311640ed67647713305","0x78dd09e369f35d033a1d4ec1df39bc8a51c8b6fd","","0","0","0","0.000157122374131303","0.00373104035587472","28.59","","","Add Collateral"
"0x934e042b9546b6ebde9c763f9a39c5b3930b43212e34560328a6752df2425dc4","21660678","1765559184","2025-12-12 17:06:24","0x28839a9fc4a6465000c5c5775983742545ce5ca5","0x78dd09e369f35d033a1d4ec1df39bc8a51c8b6fd","","0","0","0","0.000021315542401615","0.000506160560184279","28.59","","","Add Collateral"
"0x7b39d9baab8e600e63deddbcfdb886b3b150e8f76750fce1fec26e4f9211a398","21660719","1765559224","2025-12-12 17:07:04","0x28839a9fc4a6465000c5c5775983742545ce5ca5","0x78dd09e369f35d033a1d4ec1df39bc8a51c8b6fd","","0","0","0","0.000117170668391283","0.00278234398321502","28.59","","","Borrow Asset"
"0xc333d9cb46105e97319e4d15f53c5034013c598a5cfb4107421cfa21d9dbe1e9","21662414","1765560892","2025-12-12 17:34:52","0xeef1b2fa1743e9215e1d8881d52b886618453c5e","0x78dd09e369f35d033a1d4ec1df39bc8a51c8b6fd","","0","0","0","0.000031116781447917","0.000738901559812812","28.59","Error(0)","execution reverted","Add Collateral"
"0xb292113cd39550af4ee0b9a6292af4f651443345b48496ef561787d76fd61821","21662479","1765560956","2025-12-12 17:35:56","0xeef1b2fa1743e9215e1d8881d52b886618453c5e","0x78dd09e369f35d033a1d4ec1df39bc8a51c8b6fd","","0","0","0","0.000014465332893","0.000343494941973338","28.59","","","Add Collateral"
"0x37b1c3ecc1542a0c6d4c3b721e4c01f25998927b53cd7464292fd32003cb5e36","21662500","1765560976","2025-12-12 17:36:16","0xeef1b2fa1743e9215e1d8881d52b886618453c5e","0x78dd09e369f35d033a1d4ec1df39bc8a51c8b6fd","","0","0","0","0.00002462656767","0.000584784428770569","28.59","","","Borrow Asset"
"0xd7c4ff957a9f3a20f4f547d0702142211364d4f3e40094c4059a31fb0b3ea003","21663224","1765561688","2025-12-12 17:48:08","0xdf3e6fe0808bdfb3e8de36824f4ed28980263667","0x78dd09e369f35d033a1d4ec1df39bc8a51c8b6fd","","0","0","0","0.000132027539805502","0.0031351364299621","28.59","","","Add Collateral"
"0xc98bd9ba453a02ab0c80dfbf877ddff88bed79473e77eab5afa48d48487f0672","21663279","1765561742","2025-12-12 17:49:02","0xdf3e6fe0808bdfb3e8de36824f4ed28980263667","0x78dd09e369f35d033a1d4ec1df39bc8a51c8b6fd","","0","0","0","0.00009913021911729","0.00235395404415307","28.59","","","Borrow Asset"
"0x1abfeabca0be5b5c1214828ddf6e2f9f63ef0b8e8cd6f11da78e99f5074eb88e","21663499","1765561959","2025-12-12 17:52:39","0xdf3e6fe0808bdfb3e8de36824f4ed28980263667","0x78dd09e369f35d033a1d4ec1df39bc8a51c8b6fd","","0","0","0","0.000018163719041168","0.000431317112728545","28.59","Error(0)","execution reverted","Add Collateral"
"0xfe3e4037138245f3b866dfb1930a2ea3e8ed5838c0875519561b16e731bb49ac","21663792","1765562247","2025-12-12 17:57:27","0xdf3e6fe0808bdfb3e8de36824f4ed28980263667","0x78dd09e369f35d033a1d4ec1df39bc8a51c8b6fd","","0","0","0","0.000047777835439878","0.00113453626912204","28.59","Error(0)","execution reverted","Add Collateral"
"0xc96074697a90fc76b7d454622eed797b316e8b39aeced70cb0663e3edd1252f1","21664554","1765562997","2025-12-12 18:09:57","0x2e59009beacc34316653578043d714559a7153bc","0x78dd09e369f35d033a1d4ec1df39bc8a51c8b6fd","","0","0","0","0.0000218396227","0.000518605412509125","28.59","","","Add Collateral"
"0xbddf19c649d8fc5f5e22350b0f78764e7404d834484b35280773abe6cfad6659","21664672","1765563113","2025-12-12 18:11:53","0x2e59009beacc34316653578043d714559a7153bc","0x78dd09e369f35d033a1d4ec1df39bc8a51c8b6fd","","0","0","0","0.00002777664","0.000659586296118452","28.59","","","Remove Collateral"
"0xe653a50955154ea3fa54d9aacc7ad1ed3005f8b9a6ba8ecb0f4c260d5192e347","21664674","1765563115","2025-12-12 18:11:55","0x28839a9fc4a6465000c5c5775983742545ce5ca5","0x78dd09e369f35d033a1d4ec1df39bc8a51c8b6fd","","0","0","0","0.000011800100118001","0.000280206113146125","28.59","","","Add Collateral"
"0x43bc2d08f17bd31432f07edca7a160ec73381a28e29c6f8bc1c47407f80f8964","21664747","1765563186","2025-12-12 18:13:06","0x28839a9fc4a6465000c5c5775983742545ce5ca5","0x78dd09e369f35d033a1d4ec1df39bc8a51c8b6fd","","0","0","0","0.000100693316528687","0.00239107147923721","28.59","","","Borrow Asset"
"0x8f1707cf24bdc580c13651e73bfe25f2c8cb575696895d5f8ee935e92736aa1e","21664952","1765563388","2025-12-12 18:16:28","0x28839a9fc4a6465000c5c5775983742545ce5ca5","0x78dd09e369f35d033a1d4ec1df39bc8a51c8b6fd","","0","0","0","0.000028949561064319","0.000687438572724027","28.59","Error(0)","execution reverted","Add Collateral"
"0x6efe90f63b59aca6db0b41cd6487ff7bfce586466ae938efa96acec313f5168b","21665012","1765563447","2025-12-12 18:17:27","0x28839a9fc4a6465000c5c5775983742545ce5ca5","0x78dd09e369f35d033a1d4ec1df39bc8a51c8b6fd","","0","0","0","0.000040136412271658","0.000953082428607135","28.59","Error(0)","execution reverted","Add Collateral"
"0x431a0125bfae49959deae357e10360a13d44d34e7aad190cec56325378541819","21665047","1765563481","2025-12-12 18:18:01","0x28839a9fc4a6465000c5c5775983742545ce5ca5","0x78dd09e369f35d033a1d4ec1df39bc8a51c8b6fd","","0","0","0","0.000718763622513523","0.0170678179779259","28.59","Error(0)","execution reverted","Add Collateral"
"0xf69a71c9de291f08da46baeed8ba75236064f2d3f079c7cfae587c1d3af930c6","21665131","1765563564","2025-12-12 18:19:24","0x28839a9fc4a6465000c5c5775983742545ce5ca5","0x78dd09e369f35d033a1d4ec1df39bc8a51c8b6fd","","0","0","0","0.000015453473085864","0.00036695939735228","28.59","","","Add Collateral"
"0x43afe01fa21eb1c2fcaee990646f9aa660537197232d403f097915c21de3c454","21665202","1765563634","2025-12-12 18:20:34","0x28839a9fc4a6465000c5c5775983742545ce5ca5","0x78dd09e369f35d033a1d4ec1df39bc8a51c8b6fd","","0","0","0","0.000570502020207847","0.0135471862124788","28.59","","","Borrow Asset"
"0x3f681fac48eb74a81563292ade66ea427c123fb39001e9a50528f8026a9c455a","21665248","1765563679","2025-12-12 18:21:19","0x28839a9fc4a6465000c5c5775983742545ce5ca5","0x78dd09e369f35d033a1d4ec1df39bc8a51c8b6fd","","0","0","0","0.000114290378621133","0.00271394839392701","28.59","","","Add Collateral"
"0xaa55fc74f7693ef49a5adc6ca2001cbe84c5b72f3d04f0f9632da127ea907397","21665317","1765563747","2025-12-12 18:22:27","0xdf3e6fe0808bdfb3e8de36824f4ed28980263667","0x78dd09e369f35d033a1d4ec1df39bc8a51c8b6fd","","0","0","0","0.000050134735337841","0.00119050340100046","28.59","Error(0)","execution reverted","Add Collateral"
"0x10f83eae2e5056342a14c6e513310a584d9cc8777397650b704601278037cd6f","21665395","1765563824","2025-12-12 18:23:44","0x28839a9fc4a6465000c5c5775983742545ce5ca5","0x78dd09e369f35d033a1d4ec1df39bc8a51c8b6fd","","0","0","0","0.000021475613752175","0.000509961627168283","28.59","","","Borrow Asset"
"0x4b8d3273807daddbf9fdcc01d05fc400a3e523c8637440865db7ed2f4513c93c","21665487","1765563914","2025-12-12 18:25:14","0x28839a9fc4a6465000c5c5775983742545ce5ca5","0x78dd09e369f35d033a1d4ec1df39bc8a51c8b6fd","","0","0","0","0.000079786651284628","0.00189462014846009","28.59","Error(0)","execution reverted","Add Collateral"
"0xfb59fb8444d62b79757d63f6946ef686061ab0ef822bd12f63aca00f89cbba17","21665510","1765563937","2025-12-12 18:25:37","0x28839a9fc4a6465000c5c5775983742545ce5ca5","0x78dd09e369f35d033a1d4ec1df39bc8a51c8b6fd","","0","0","0","0.000014173799881885","0.000336572175972928","28.59","","","Add Collateral"
"0x3ce7ce2d7602f9146ee08ba542adf898a6def0832ca7c17add95178626d42d54","21665670","1765564094","2025-12-12 18:28:14","0xdf3e6fe0808bdfb3e8de36824f4ed28980263667","0x78dd09e369f35d033a1d4ec1df39bc8a51c8b6fd","","0","0","0","0.0000108889","0.000258568682886203","28.59","Error(0)","execution reverted","Add Collateral"
"0x0e28a6bf46a0379c7cf6ff91686609905b15ea793f990a5447609996400fc21c","21666113","1765564530","2025-12-12 18:35:30","0x707da47b391c0e883dec5d4399238daa99fa59d9","0x78dd09e369f35d033a1d4ec1df39bc8a51c8b6fd","","0","0","0","0.000878637018","0.0208641843050557","28.59","","","Deposit"
"0x0b4b8325e25bbfa4401b9ccfca57d074ba4c5471e731e62ecce18b87bb0b65bc","21668248","1765566630","2025-12-12 19:10:30","0x75496e6ba1908eec8ef32d7fb8f38f791bf86c29","0x78dd09e369f35d033a1d4ec1df39bc8a51c8b6fd","","0","0","0","0.001038664098775402","0.0246642000552435","28.59","","","Add Collateral"
"0x47ca10b08bc5265a6869c8ea5de94fe134e7483f6f5add3551826d7885ebb7d5","21668307","1765566688","2025-12-12 19:11:28","0x75496e6ba1908eec8ef32d7fb8f38f791bf86c29","0x78dd09e369f35d033a1d4ec1df39bc8a51c8b6fd","","0","0","0","0.001361983151944547","0.032341759930893","28.59","","","Add Collateral"
"0xdd32f4b1b9229ea697116f625f02d848d13f8ac76efe67eccaec089b7d426165","21674627","1765572904","2025-12-12 20:55:04","0x61bb94c531af9bc636e937bbd35a1e8d4cb3948d","0x78dd09e369f35d033a1d4ec1df39bc8a51c8b6fd","","0","0","0","0.00002525410079998","0.000599685880238245","28.59","","","Add Collateral"
"0x7a45ea14ba3e4e2b9b4f63e1192b79d053e657a6fd233b9f00cc3879400232c5","21678054","1765576275","2025-12-12 21:51:15","0x3aa8440d4625f36a1c2cdd623bf269b820de2afb","0x78dd09e369f35d033a1d4ec1df39bc8a51c8b6fd","","0","0","0","0.0001742224","0.00413709892617924","28.59","Error(0)","execution reverted","Add Collateral"
"0xf46c42337ea876048cb7fdfb620fa886390b788292212d2e12bafba10f7f4fac","21687722","1765585785","2025-12-13 00:29:45","0xf34e95ce80d4c8f5a6120cbeabb6e68e66c22f95","0x78dd09e369f35d033a1d4ec1df39bc8a51c8b6fd","","0","0","0","0.000111154788","0.00263949041038627","29.65","","","Deposit"
"0xcae1922bae77b50b78fd2dc60b60c686235a8830a27c5a5b19f62667fe90c51d","21687839","1765585900","2025-12-13 00:31:40","0xf34e95ce80d4c8f5a6120cbeabb6e68e66c22f95","0x78dd09e369f35d033a1d4ec1df39bc8a51c8b6fd","","0","0","0","0.0000410376474","0.000974483229432395","29.65","","","Withdraw"
"0xc2fc8d147eb15857249bc76a331e0856d52510cfda9f731209bf6bee3c17bd9e","21687853","1765585914","2025-12-13 00:31:54","0xf34e95ce80d4c8f5a6120cbeabb6e68e66c22f95","0x78dd09e369f35d033a1d4ec1df39bc8a51c8b6fd","","0","0","0","0.0000677742464","0.00160937262948994","29.65","Error(0)","execution reverted","Repay Asset"
"0xd758452105de943aae3177f9b0184fcf980b31e0e716bb5f6ec6f42dcbd9eb40","21687884","1765585944","2025-12-13 00:32:24","0xf34e95ce80d4c8f5a6120cbeabb6e68e66c22f95","0x78dd09e369f35d033a1d4ec1df39bc8a51c8b6fd","","0","0","0","0.0001785728","0.00424040386956454","29.65","","","Repay Asset"
"0xba52132d19ca263e03cf8f918c9a6e2db9bd24a90e84baab312dc038bdc101af","21688774","1765586820","2025-12-13 00:47:00","0xbe2c11446636c1caa99780e4da50b3e08efcb5d8","0x78dd09e369f35d033a1d4ec1df39bc8a51c8b6fd","","0","0","0","0.0000133874444601","0.000317899317769495","29.65","","","Deposit"
"0xbcc16a70b4d23df332479ae36ea216addc7152027db8420e5689a690e8933d79","21707294","1765605036","2025-12-13 05:50:36","0xbb34666407e47f87a44e4540ee765909506cb105","0x78dd09e369f35d033a1d4ec1df39bc8a51c8b6fd","","0","0","0","0.0000157446132","0.000373872833589869","29.65","","","Add Collateral"
"0x0857fedef10f9a7163c07981346e6924db9796ca0d5a48ff22c5593523dcaf54","21707373","1765605114","2025-12-13 05:51:54","0xbb34666407e47f87a44e4540ee765909506cb105","0x78dd09e369f35d033a1d4ec1df39bc8a51c8b6fd","","0","0","0","0.0000088993923","0.000211325675274694","29.65","Error(0)","execution reverted","Borrow Asset"
"0xbc2ea48418d7ec106332642cd41e079e29e5994b543a1023f16f31d25bdea486","21707450","1765605189","2025-12-13 05:53:09","0xbb34666407e47f87a44e4540ee765909506cb105","0x78dd09e369f35d033a1d4ec1df39bc8a51c8b6fd","","0","0","0","0.0000146265858","0.000347324066290262","29.65","","","Remove Collateral"
"0x3344f82b76131198b035be3a28880cebea464ccf9fd81cecaf22c6b264316048","21708478","1765606200","2025-12-13 06:10:00","0x8355178aa44f97f3b038652fc6cda77baa6b38aa","0x78dd09e369f35d033a1d4ec1df39bc8a51c8b6fd","","0","0","0","0.000270478","0.00642279203681679","29.65","","","Add Collateral"
"0xcee508c4c7fe4cffc164a9eebd2efbeb631d472d9890caa72ab8edee6958f23b","21725826","1765623264","2025-12-13 10:54:24","0x3c5faaf770511e403fd907e6d77ac8f5bc699cbe","0x78dd09e369f35d033a1d4ec1df39bc8a51c8b6fd","","0","0","0","0.000013657927","0.000324322217611137","29.65","","","Add Collateral"
"0xd9e5f21174dbaebb66d302eba0f450dd13a19e28541d14470b0ca5acffd523c0","21725956","1765623392","2025-12-13 10:56:32","0x3c5faaf770511e403fd907e6d77ac8f5bc699cbe","0x78dd09e369f35d033a1d4ec1df39bc8a51c8b6fd","","0","0","0","0.00001209300012093","0.000287161339842552","29.65","","","Remove Collateral"
"0xf23d0d75a36789fdd01120aa291f5f982dec82b158ff3cd160f2185412cf3e9c","21730072","1765627440","2025-12-13 12:04:00","0xdbf2a43a9f324f3b97d7dd1b4e57b64c9c5e41b5","0x78dd09e369f35d033a1d4ec1df39bc8a51c8b6fd","","0","0","0","0.000375456776","0.00891562637649534","29.65","","","Add Collateral"
"0xbc7919b0a3b647289431e6aeb82ea197dcb243b54a69727e911c5bd0f2ce64b2","21730902","1765628257","2025-12-13 12:17:37","0xdf3e6fe0808bdfb3e8de36824f4ed28980263667","0x78dd09e369f35d033a1d4ec1df39bc8a51c8b6fd","","0","0","0","0.0000108889","0.000258568682886203","29.65","Error(0)","execution reverted","Add Collateral"
"0xcd299e1f1b90d7644732bcd11e0534b8e2b7bfb604f3e8ba175262b4296502c1","21737148","1765634400","2025-12-13 14:00:00","0xdbf2a43a9f324f3b97d7dd1b4e57b64c9c5e41b5","0x78dd09e369f35d033a1d4ec1df39bc8a51c8b6fd","","0","0","0","0.0000708906","0.00168337380920136","29.65","","","Add Collateral"
"0x9ee4e4685f67f3b8cbc89e01bf0d0ad64ab460180b5dbcb62b7ad031341a3d3a","21742638","1765639800","2025-12-13 15:30:00","0x92a2163b8dc3673f751f79301005c138c716cc26","0x78dd09e369f35d033a1d4ec1df39bc8a51c8b6fd","","0","0","0","0.00001938555","0.000460330807567764","29.65","Error(0)","execution reverted","Add Collateral"
"0x8f9bb4acefc2fa21af62467e51b2570eb8f20f9b7ea2cc2322af6987a52072ce","21742699","1765639860","2025-12-13 15:31:00","0xdbf2a43a9f324f3b97d7dd1b4e57b64c9c5e41b5","0x78dd09e369f35d033a1d4ec1df39bc8a51c8b6fd","","0","0","0","0.0001224528","0.00290777389926692","29.65","Error(0)","execution reverted","Borrow Asset"
"0xd17c8e2df1d7ae04b85e5a4f37d4079c3566d4ce8899e0450f4e2a047d240f67","21742943","1765640100","2025-12-13 15:35:00","0xdbf2a43a9f324f3b97d7dd1b4e57b64c9c5e41b5","0x78dd09e369f35d033a1d4ec1df39bc8a51c8b6fd","","0","0","0","0.00003004852899","0.000713534752235045","29.65","","","Borrow Asset"
"0x8d81531c655c6f31b6f197ad22b0a2e13c89e0aa9fb33c6aacef7a6977f03897","21742943","1765640100","2025-12-13 15:35:00","0x92a2163b8dc3673f751f79301005c138c716cc26","0x78dd09e369f35d033a1d4ec1df39bc8a51c8b6fd","","0","0","0","0.000010513210572916","0.000249647531958618","29.65","Error(0)","execution reverted","Add Collateral"
"0x921a86907f2d1dbfaa4f143b0397ff74eeb68ea497cd2cb8540b207b7e21647f","21752642","1765649640","2025-12-13 18:14:00","0x92a2163b8dc3673f751f79301005c138c716cc26","0x78dd09e369f35d033a1d4ec1df39bc8a51c8b6fd","","0","0","0","0.000030714535724928","0.000729349800976761","29.65","Error(0)","execution reverted","Add Collateral"
"0x4d2d928ec42825a3cab442fe13a8087a3eda1e1ec75f2f6acb12999aaee39d9e","21754045","1765651020","2025-12-13 18:37:00","0xdbf2a43a9f324f3b97d7dd1b4e57b64c9c5e41b5","0x78dd09e369f35d033a1d4ec1df39bc8a51c8b6fd","","0","0","0","0.000173918272","0.00412987707857399","29.65","","","Add Collateral"
"0x53988f846d7372a1091d5522781c1c20dba9cc7fe248541eaaa219e27d3c54a2","21758983","1765655878","2025-12-13 19:57:58","0x5593c85f4f935996fcaf8196a9b21e3e8ee5694f","0x78dd09e369f35d033a1d4ec1df39bc8a51c8b6fd","","0","0","0","0.000013525100135251","0.00032116810034768","29.65","","","Add Collateral"
"0xf0b72ba66ba58e51ade64de894c94ce80f890e9d0a087ee9d71a189d04e8055f","21759901","1765656780","2025-12-13 20:13:00","0xdbf2a43a9f324f3b97d7dd1b4e57b64c9c5e41b5","0x78dd09e369f35d033a1d4ec1df39bc8a51c8b6fd","","0","0","0","0.0001002881971","0.00238145148115778","29.65","","","Add Collateral"
"0xaca8277aaf456cf8d3d31430c329104875b067198bcb93e12a58c0e8bf010000","21776743","1765673346","2025-12-14 00:49:06","0xaee3c7495440c5a8efae0c451ae852c5f31db00a","0x78dd09e369f35d033a1d4ec1df39bc8a51c8b6fd","","0","0","0","0.00032995388","0.00783511099971459","28.90","","","Add Collateral"
"0x04080d2dfea61a223a19f74a128ddcde47bc295146480cc5f0bc5a3d648dc6e3","21790131","1765686515","2025-12-14 04:28:35","0x99c2b97d677119d26f2f91519081db0d4127d38d","0x78dd09e369f35d033a1d4ec1df39bc8a51c8b6fd","","0","0","0","0.000013848700138487","0.000328852331685896","28.90","","","Add Collateral"
"0x398185c6ac459501788da1b7487d37f961dcb3aae86c0244f57b870f26befe82","21794427","1765690740","2025-12-14 05:39:00","0x92a2163b8dc3673f751f79301005c138c716cc26","0x78dd09e369f35d033a1d4ec1df39bc8a51c8b6fd","","0","0","0","0.000015043915438206","0.000357234008973206","28.90","Error(0)","execution reverted","Add Collateral"
"0x6aaf744509c1cb7c7be53b19d2b5e45f9ed99c728800bef8bc027e725ce86ce2","21804433","1765700582","2025-12-14 08:23:02","0x9e53894756141368a8957a471289d1431aea9445","0x78dd09e369f35d033a1d4ec1df39bc8a51c8b6fd","","0","0","0","0.000013660351","0.000324379778107359","28.90","","","Add Collateral"
"0x40e8159a482834a93ca050ef324b5733a4f2717e20a220d9ab912dd3a018ffe7","21804611","1765700758","2025-12-14 08:25:58","0x9e53894756141368a8957a471289d1431aea9445","0x78dd09e369f35d033a1d4ec1df39bc8a51c8b6fd","","0","0","0","0.0000121957434384","0.000289601090806706","28.90","","","Remove Collateral"
"0x9d838cf410b7f896892c260c2bcf29d021b9d989351b43046fdc696867ce3017","21808396","1765704480","2025-12-14 09:28:00","0xdbf2a43a9f324f3b97d7dd1b4e57b64c9c5e41b5","0x78dd09e369f35d033a1d4ec1df39bc8a51c8b6fd","","0","0","0","0.000138591123","0.00329099579698865","28.90","","","Add Collateral"
"0x0100728b190a493ca01dec59f1dedf79be6034fb2a8a1eec5f313a4d2cd9a8cf","21811253","1765707291","2025-12-14 10:14:51","0x3a6f0416fb5678efe6ec415c984b0d64e456e2f7","0x78dd09e369f35d033a1d4ec1df39bc8a51c8b6fd","","0","0","0","0.00225017887944715","0.0534329261098","28.90","","","Add Collateral"
"0xd3a2f735bce6279a12f2e599eac0c1bdfa81d539b73fc700cb94bdaa2efc8ae2","21815838","1765711800","2025-12-14 11:30:00","0xdbf2a43a9f324f3b97d7dd1b4e57b64c9c5e41b5","0x78dd09e369f35d033a1d4ec1df39bc8a51c8b6fd","","0","0","0","0.0000879758976","0.00208908264086946","28.90","Error(0)","execution reverted","Repay Asset"
"0x9fd9c0f22488ad5b05566663df83ef7f410365bbeb1ecaccc4dc0b0c5568a4a4","21815899","1765711860","2025-12-14 11:31:00","0xdbf2a43a9f324f3b97d7dd1b4e57b64c9c5e41b5","0x78dd09e369f35d033a1d4ec1df39bc8a51c8b6fd","","0","0","0","0.0000984611508","0.0023380662948338","28.90","","","Repay Asset"
"0xcc21756b8314ff69207cdf409170f7369953d8a6af87e771c6bc011974768d37","21815960","1765711920","2025-12-14 11:32:00","0xdbf2a43a9f324f3b97d7dd1b4e57b64c9c5e41b5","0x78dd09e369f35d033a1d4ec1df39bc8a51c8b6fd","","0","0","0","0.00008796531","0.00208883122688027","28.90","Error(0)","execution reverted","Repay Asset"
"0xa13678db8b319e056e5a5fb432043c1138b811ecbb073f924edc0f15933cfac3","21818014","1765713941","2025-12-14 12:05:41","0x5593c85f4f935996fcaf8196a9b21e3e8ee5694f","0x78dd09e369f35d033a1d4ec1df39bc8a51c8b6fd","","0","0","0","0.000013166960756868","0.000312663694268262","28.90","","","Remove Collateral"
"0x7fd89ed57fe4b2b9c0274006cdb50a1dcc6515294a35a1fa381bbc1339d1d068","21818881","1765714794","2025-12-14 12:19:54","0x5593c85f4f935996fcaf8196a9b21e3e8ee5694f","0x78dd09e369f35d033a1d4ec1df39bc8a51c8b6fd","","0","0","0","0.000402340788227264","0.00955401626273731","28.90","","","Add Collateral"
"0x30329ff3e01224472e1330104d5e803fd8f559e9b0b3b4c99221ac72f1a4abf9","21818992","1765714903","2025-12-14 12:21:43","0x5593c85f4f935996fcaf8196a9b21e3e8ee5694f","0x78dd09e369f35d033a1d4ec1df39bc8a51c8b6fd","","0","0","0","0.0001319762477304","0.00313391844427929","28.90","","","Remove Collateral"
"0xa6066dd3b5749af8cadf1315c51bf05522afd5a90a368d2ad1349466e9594c4e","21826154","1765721947","2025-12-14 14:19:07","0x707da47b391c0e883dec5d4399238daa99fa59d9","0x78dd09e369f35d033a1d4ec1df39bc8a51c8b6fd","","0","0","0","0.00020730196","0.00492260878113752","28.90","","","Withdraw"
"0xb2edc10b8ecd32cca08aa82217651f66392b360720de9447e4771f63b84171bd","21826191","1765721984","2025-12-14 14:19:44","0x707da47b391c0e883dec5d4399238daa99fa59d9","0x78dd09e369f35d033a1d4ec1df39bc8a51c8b6fd","","0","0","0","0.0000399320259","0.000948229053617972","28.90","","","Withdraw"
"0xe737b1c7d03a5f956279f668507130fb75ca17306a48f1f6562082292d65bdc9","21826494","1765722282","2025-12-14 14:24:42","0x707da47b391c0e883dec5d4399238daa99fa59d9","0x78dd09e369f35d033a1d4ec1df39bc8a51c8b6fd","","0","0","0","0.000185592","0.0044070823493848","28.90","","","Deposit"
"0xa8c02f11e6c3dc54207cf43efe96520a480ada1fac81a1d64d1a20d8ed03b9f1","21826525","1765722312","2025-12-14 14:25:12","0x707da47b391c0e883dec5d4399238daa99fa59d9","0x78dd09e369f35d033a1d4ec1df39bc8a51c8b6fd","","0","0","0","0.0001856112","0.00440753827410735","28.90","","","Deposit"
"0x845c51a16ecf8ea092199818e5665a8e7d6063e3fda5f724526ba191cfa9559d","21826533","1765722320","2025-12-14 14:25:20","0x707da47b391c0e883dec5d4399238daa99fa59d9","0x78dd09e369f35d033a1d4ec1df39bc8a51c8b6fd","","0","0","0","0.00018884","0.00448420961495014","28.90","","","Add Collateral"
"0xae4f7e6b23dc0768d028c0633f9084d0b68b036950125b91c35051dad7672958","21826556","1765722343","2025-12-14 14:25:43","0x707da47b391c0e883dec5d4399238daa99fa59d9","0x78dd09e369f35d033a1d4ec1df39bc8a51c8b6fd","","0","0","0","0.000189053897271379","0.00448928883651829","28.90","","","Add Collateral"
"0x81fb52fd91c75e3a9ac3293329161f402a5e05162e47635c7940cf3a86877772","21826671","1765722456","2025-12-14 14:27:36","0x707da47b391c0e883dec5d4399238daa99fa59d9","0x78dd09e369f35d033a1d4ec1df39bc8a51c8b6fd","","0","0","0","0.000596144275","0.0141560892281957","28.90","","","Add Collateral"
"0xe7cedf16126239d54e24c810a676869ffdc52ba47cfeea1f875d92df16860f5d","21827252","1765723027","2025-12-14 14:37:07","0x707da47b391c0e883dec5d4399238daa99fa59d9","0x78dd09e369f35d033a1d4ec1df39bc8a51c8b6fd","","0","0","0","0.001674395244166528","0.0397603222469727","28.90","","","Remove Collateral"
"0xc37fa88f4b42186cde16d8be1f459307cb5b54bc407ff203b6f47592a21436e3","21827281","1765723056","2025-12-14 14:37:36","0x707da47b391c0e883dec5d4399238daa99fa59d9","0x78dd09e369f35d033a1d4ec1df39bc8a51c8b6fd","","0","0","0","0.000582309836531456","0.0138275755552552","28.90","","","Remove Collateral"
"0x5b8e7e624a8ffdb95ef9ec03ca7d9beec58e893314bc1082e48831723dafa6c6","21827311","1765723085","2025-12-14 14:38:05","0xf30187984546eb7f6210bba0fa00ba63c2440920","0x78dd09e369f35d033a1d4ec1df39bc8a51c8b6fd","","0","0","0","0.000087695102541975","0.00208241485915464","28.90","Error(0)","execution reverted","Add Collateral"
"0x3275e3b5aac2b1f63455455d4727647221b4ffe4eee2544c23819d36aae24fbc","21827325","1765723099","2025-12-14 14:38:19","0x707da47b391c0e883dec5d4399238daa99fa59d9","0x78dd09e369f35d033a1d4ec1df39bc8a51c8b6fd","","0","0","0","0.000156862847758428","0.00372487762204407","28.90","","","Deposit"
"0xfade5106a3cb57ff6a0f394f0aa36389776d1f667bc1e92ade1d3d2f8ce1a2c5","21827341","1765723115","2025-12-14 14:38:35","0x707da47b391c0e883dec5d4399238daa99fa59d9","0x78dd09e369f35d033a1d4ec1df39bc8a51c8b6fd","","0","0","0","0.00012219362363488","0.00290161947674818","28.90","","","Add Collateral"
"0x52676a766e8a81eadccb9b19626cee23defa546de41650a2b874e060b8d28ed8","21827346","1765723120","2025-12-14 14:38:40","0xf30187984546eb7f6210bba0fa00ba63c2440920","0x78dd09e369f35d033a1d4ec1df39bc8a51c8b6fd","","0","0","0","0.000075632904179745","0.00179598494031675","28.90","Error(0)","execution reverted","Add Collateral"
"0x7b8335fc8bb9fd460693e1dcd9371bbd482b0aedcccea1c54265399704ddb1ce","21827478","1765723250","2025-12-14 14:40:50","0x707da47b391c0e883dec5d4399238daa99fa59d9","0x78dd09e369f35d033a1d4ec1df39bc8a51c8b6fd","","0","0","0","0.001212318209349551","0.0287878043356513","28.90","","","Add Collateral"
"0xc054941370578ff0648d1d8b9d7a86437f21600d2030051cb12de2e4d68bc1c9","21871372","1765766424","2025-12-15 02:40:24","0x7eef6f6affb8d30dbfc332e9f3065b27ae80d5e1","0x78dd09e369f35d033a1d4ec1df39bc8a51c8b6fd","","0","0","0","0.0000664944","0.00157898129538414","27.57","","","Repay Asset"
"0x0ab23fc2fa4a4094b0d523bf64ec26e4c8030032da89ebce9dfb8890c9071df1","21871417","1765766468","2025-12-15 02:41:08","0x7eef6f6affb8d30dbfc332e9f3065b27ae80d5e1","0x78dd09e369f35d033a1d4ec1df39bc8a51c8b6fd","","0","0","0","0.000258785274117426","0.00614513564077986","27.57","","","Remove Collateral"
"0x5eefc631da206e9cf117b940aa4eae011a84f61072fb21e70c9561bd4ddeea38","21888487","1765783259","2025-12-15 07:20:59","0x3a6f0416fb5678efe6ec415c984b0d64e456e2f7","0x78dd09e369f35d033a1d4ec1df39bc8a51c8b6fd","","0","0","0","0.0000747784791","0.0017756956946175","27.57","","","Add Collateral"
"0xff33e29c7d2b4e925d62d6576ef64e4b84c628cb8204b4e54c9e07396e771b80","21888526","1765783297","2025-12-15 07:21:37","0x3a6f0416fb5678efe6ec415c984b0d64e456e2f7","0x78dd09e369f35d033a1d4ec1df39bc8a51c8b6fd","","0","0","0","0.0000342006735","0.000812131905033204","27.57","Error(0)","execution reverted","Borrow Asset"
"0x5c10d3595abdc1bc328beab02f3b22023f6a032e7e4dff0f7e18b03ea2898f04","21888600","1765783370","2025-12-15 07:22:50","0x3a6f0416fb5678efe6ec415c984b0d64e456e2f7","0x78dd09e369f35d033a1d4ec1df39bc8a51c8b6fd","","0","0","0","0.000095973983","0.00227900581102341","27.57","Error(0)","execution reverted","Borrow Asset"
"0xf9afbd633b2f932e1c709f9251ae0e61455735dafce67bd737752b896508da11","21888855","1765783620","2025-12-15 07:27:00","0xdbf2a43a9f324f3b97d7dd1b4e57b64c9c5e41b5","0x78dd09e369f35d033a1d4ec1df39bc8a51c8b6fd","","0","0","0","0.0001772992","0.00421016086296848","27.57","","","Repay Asset"
"0xbc04ffda6a82fd4a4303aa2ebb759b4673a4d87dc6fc0c5ac51d2d2d1e654c96","21888858","1765783623","2025-12-15 07:27:03","0x3a6f0416fb5678efe6ec415c984b0d64e456e2f7","0x78dd09e369f35d033a1d4ec1df39bc8a51c8b6fd","","0","0","0","0.000187864885908509","0.00446105447840736","27.57","Error(0)","execution reverted","Borrow Asset"
"0xe0f120c648fd291b379910c4557005f5f55c647a34aa9556edf35385ca92963e","21907765","1765802220","2025-12-15 12:37:00","0xdbf2a43a9f324f3b97d7dd1b4e57b64c9c5e41b5","0x78dd09e369f35d033a1d4ec1df39bc8a51c8b6fd","","0","0","0","0.0001214963512","0.00288506199021605","27.57","","","Repay Asset"
"0xfa621a9d1d363409953d6234fb6a2cb78f912a6f42e09ae097554f975669e1e2","21926397","1765820547","2025-12-15 17:42:27","0x707da47b391c0e883dec5d4399238daa99fa59d9","0x78dd09e369f35d033a1d4ec1df39bc8a51c8b6fd","","0","0","0","0.001242818055","0.0295120560890946","27.57","","","Withdraw"
"0x64a04c7a2376a50f5e9e7eac9b674c81e2822083b5e370e70be52594407df598","21927610","1765821740","2025-12-15 18:02:20","0x707da47b391c0e883dec5d4399238daa99fa59d9","0x78dd09e369f35d033a1d4ec1df39bc8a51c8b6fd","","0","0","0","0.001519743790281759","0.0360879565592153","27.57","","","Withdraw"
"0x7daf91d06782baf0b7e51cbcb72acd9b4fbd81b808cd9dbe8d1fb08124d7173f","21928927","1765823036","2025-12-15 18:23:56","0x707da47b391c0e883dec5d4399238daa99fa59d9","0x78dd09e369f35d033a1d4ec1df39bc8a51c8b6fd","","0","0","0","0.000178472511975543","0.00423802242218298","27.57","","","Withdraw"
"0xf86d14bbd3563ea7a8fc13aa8e090d01a1eca6fe25ee01cd975bfe6a52f19500","21929283","1765823386","2025-12-15 18:29:46","0x707da47b391c0e883dec5d4399238daa99fa59d9","0x78dd09e369f35d033a1d4ec1df39bc8a51c8b6fd","","0","0","0","0.000779376113250904","0.0185071269895264","27.57","","","Add Collateral"
"0xe395ddcb728849fc5e069980b4721cc511af9781934f288859f89c282f5ae99c","21929319","1765823421","2025-12-15 18:30:21","0x707da47b391c0e883dec5d4399238daa99fa59d9","0x78dd09e369f35d033a1d4ec1df39bc8a51c8b6fd","","0","0","0","0.00032399762","0.00769367317742512","27.57","","","Remove Collateral"
"0x2682be0aec534560835ac53511e4bb0831e38dcdf4ad1bfe1e59fe5fdc301947","21930975","1765825050","2025-12-15 18:57:30","0xe9b71f2246d6f559bf4a0ebb7d2694da6fa56bfa","0x78dd09e369f35d033a1d4ec1df39bc8a51c8b6fd","","0","0","0","0.00013233453865983","0.00314242644910189","27.57","","","Remove Collateral"
"0x148b95c09e8481cec5b27c9bb85cb9e2c1eb039842535f3591577dfb4e5d85e8","21932817","1765826862","2025-12-15 19:27:42","0xca20e688ec9067a0abeb86c79fd5b2b9294caafb","0x78dd09e369f35d033a1d4ec1df39bc8a51c8b6fd","","0","0","0","0.000015143914620466","0.000359608597485054","27.57","","","Add Collateral"
"0x4b4845d2a32835bd1cd35fa841a376c806caab218efcbf509b7fb3df3f8ced06","21936313","1765830300","2025-12-15 20:25:00","0xdbf2a43a9f324f3b97d7dd1b4e57b64c9c5e41b5","0x78dd09e369f35d033a1d4ec1df39bc8a51c8b6fd","","0","0","0","0.0000669576","0.00158998047931574","27.57","","","Repay Asset"
"0xcbba0ff3a5ec9c6b03ba3aeb5c09e5271b5acb33d92e802844f39c97ad807e37","21936374","1765830360","2025-12-15 20:26:00","0xdbf2a43a9f324f3b97d7dd1b4e57b64c9c5e41b5","0x78dd09e369f35d033a1d4ec1df39bc8a51c8b6fd","","0","0","0","0.000175436415","0.00416592702264024","27.57","","","Add Collateral"
"0x04a66c31ae00843eba419b47af57f496c1123e24d069d6ec05b50c306a84b888","21942421","1765836308","2025-12-15 22:05:08","0x6576879723f1f0d410cfe946768df59bfee1a753","0x78dd09e369f35d033a1d4ec1df39bc8a51c8b6fd","","0","0","0","0.000151060811","0.00358710199707882","27.57","Error(0)","execution reverted","Add Collateral"
"0xcecdca6a0e7dac915a928a7ed6ee33b5d7cdff143f6483b1c7d9fe3f359d26ea","21942482","1765836368","2025-12-15 22:06:08","0x6576879723f1f0d410cfe946768df59bfee1a753","0x78dd09e369f35d033a1d4ec1df39bc8a51c8b6fd","","0","0","0","0.000040856293477312","0.000970176784802939","27.57","Error(0)","execution reverted","Add Collateral"
"0x5fc4e0d023058059f318f86ee2664f0610e4d429b3ab03abdb778d48a74b42ce","21942489","1765836375","2025-12-15 22:06:15","0x6576879723f1f0d410cfe946768df59bfee1a753","0x78dd09e369f35d033a1d4ec1df39bc8a51c8b6fd","","0","0","0","0.000040779981940012","0.000968364684986733","27.57","Error(0)","execution reverted","Add Collateral"
"0x4a450bfd1569f7cbd0f323e8f9b6c5af36a4ef632db9d43283cbd06598a3fdfc","21942584","1765836469","2025-12-15 22:07:49","0x6576879723f1f0d410cfe946768df59bfee1a753","0x78dd09e369f35d033a1d4ec1df39bc8a51c8b6fd","","0","0","0","0.0000755934","0.00179504687093186","27.57","Error(0)","execution reverted","Add Collateral"
"0x1a544b9b87ddffc82af73a71f43177b3311493397729df0e59bf35e6c7c78ed6","21942711","1765836594","2025-12-15 22:09:54","0x6576879723f1f0d410cfe946768df59bfee1a753","0x78dd09e369f35d033a1d4ec1df39bc8a51c8b6fd","","0","0","0","0.00011536153447125","0.00273938414568619","27.57","","","Deposit"
"0xbc0a218d7a605c7121b331a71d5cde0f214a07cee79de14c8d011fa5b046158a","21960106","1765853703","2025-12-16 02:55:03","0x21aded2a66953188009a1529d91803f2f31587b6","0x78dd09e369f35d033a1d4ec1df39bc8a51c8b6fd","","0","0","0","0.000052942933453666","0.00125718709614803","26.78","","","Add Collateral"
"0xd47e88b2646f06968fb830e0c633d55a1cf394c333cda7d205bf911f6ea31783","21975759","1765869100","2025-12-16 07:11:40","0x9e53894756141368a8957a471289d1431aea9445","0x78dd09e369f35d033a1d4ec1df39bc8a51c8b6fd","","0","0","0","0.00001753529215","0.000416394437936823","26.78","","","Add Collateral"
"0xf018831cc73b6c1875c5589ea70eb2e0c1f06715ee0cc3bcb9326b3e62719455","21975937","1765869275","2025-12-16 07:14:35","0x9e53894756141368a8957a471289d1431aea9445","0x78dd09e369f35d033a1d4ec1df39bc8a51c8b6fd","","0","0","0","0.000076427765","0.00181485976838673","26.78","","","Borrow Asset"
"0x5e31afb4e018f01e858443c5b00cd65c511b4a5b955878ae702cdf494213e92c","21985432","1765878614","2025-12-16 09:50:14","0x39260b9be6b55b18505c6dd098d7fe0bb8622101","0x78dd09e369f35d033a1d4ec1df39bc8a51c8b6fd","","0","0","0","0.000021217933281441","0.000503842726276256","26.78","","","Add Collateral"
"0xcb717561291b349d8472a405cf01be159a9d38bd0bcbfcac3c611e7cab7a25bd","21985450","1765878632","2025-12-16 09:50:32","0x39260b9be6b55b18505c6dd098d7fe0bb8622101","0x78dd09e369f35d033a1d4ec1df39bc8a51c8b6fd","","0","0","0","0.000019650626700922","0.000466625339928354","26.78","","","Add Collateral"
"0xc172990875b085464588f3bab270114f855ab5eb5bf2d8826339a6a83132ba7c","21985771","1765878948","2025-12-16 09:55:48","0x785feab33ecb42190abfbc0a1a8aac2d8b686703","0x78dd09e369f35d033a1d4ec1df39bc8a51c8b6fd","","0","0","0","0.000012598900125989","0.000299174481480387","26.78","Error(0)","execution reverted","Add Collateral"
"0xdde7e74eb9dd8aae1ea1f07859056f86c6244030bdd6498b5ebbfa10858fd43e","21985902","1765879077","2025-12-16 09:57:57","0x785feab33ecb42190abfbc0a1a8aac2d8b686703","0x78dd09e369f35d033a1d4ec1df39bc8a51c8b6fd","","0","0","0","0.000018504073094005","0.000439399187057177","26.78","Error(0)","execution reverted","Add Collateral"
"0xc1ae919baf1a606815bc426008f2c8b3a90400030a4d96b67ffa07c4b85bf8e6","21988468","1765881600","2025-12-16 10:40:00","0xdbf2a43a9f324f3b97d7dd1b4e57b64c9c5e41b5","0x78dd09e369f35d033a1d4ec1df39bc8a51c8b6fd","","0","0","0","0.00134532985","0.0319463093023164","26.78","","","Add Collateral"
"0x3cef53a6d180c332616ec909b29d48df2c2bd38b8587dea1c88481d88bfb031a","21988529","1765881660","2025-12-16 10:41:00","0xdbf2a43a9f324f3b97d7dd1b4e57b64c9c5e41b5","0x78dd09e369f35d033a1d4ec1df39bc8a51c8b6fd","","0","0","0","0.0000380643858","0.000903879923700124","26.78","","","Add Collateral"
"0x7398b96a96921a475a7d693efaf3c9640811eeb4d4f5815e00fd1fc7c95439ee","21989231","1765882351","2025-12-16 10:52:31","0x4b931edc27c4c8ad7b8def1188be74c5867c903f","0x78dd09e369f35d033a1d4ec1df39bc8a51c8b6fd","","0","0","0","0.00140326878921125","0.0333221319473656","26.78","Error(0)","execution reverted","Add Collateral"
"0x27195cc244791a2d099de044d2113e90dc7fafe0100ff31efe52093aa4016a62","21989262","1765882381","2025-12-16 10:53:01","0x4b931edc27c4c8ad7b8def1188be74c5867c903f","0x78dd09e369f35d033a1d4ec1df39bc8a51c8b6fd","","0","0","0","0.00308421072","0.0732379123340197","26.78","Error(0)","execution reverted","Add Collateral"
"0x3cb4ed6204d108c17e08119682121dd281618777e08caf70f6e302ff73e1e7c4","21997740","1765890720","2025-12-16 13:12:00","0xdbf2a43a9f324f3b97d7dd1b4e57b64c9c5e41b5","0x78dd09e369f35d033a1d4ec1df39bc8a51c8b6fd","","0","0","0","0.0000723944624","0.00171908464500755","26.78","","","Repay Asset"
"0x05292b85c27f726d9e572721fb481d51ff59381ce7c6ad13d3afc0228a23c4ae","22000570","1765893504","2025-12-16 13:58:24","0x3aa8440d4625f36a1c2cdd623bf269b820de2afb","0x78dd09e369f35d033a1d4ec1df39bc8a51c8b6fd","","0","0","0","0.000372297495","0.00884060583933939","26.78","Error(0)","execution reverted","Add Collateral"
"0x929e43929da4d6d34bbce752631704389149af7e1a19b8a616414a32ff6dcec1","22004374","1765897246","2025-12-16 15:00:46","0x4b931edc27c4c8ad7b8def1188be74c5867c903f","0x78dd09e369f35d033a1d4ec1df39bc8a51c8b6fd","","0","0","0","0.000456132903421955","0.0108313680958476","26.78","Error(0)","execution reverted","Add Collateral"
"0x0298ec7e18734f0a9db21fadbdc97068ff7267f55ac5ffceb7f5790e62947d4c","22005824","1765898672","2025-12-16 15:24:32","0x4b931edc27c4c8ad7b8def1188be74c5867c903f","0x78dd09e369f35d033a1d4ec1df39bc8a51c8b6fd","","0","0","0","0.000756303555","0.0179592441916541","26.78","","","Add Collateral"
"0xf8f70c0e1229d328ad01eeead4df09eb7ad9f2ac187551e69023379528601f02","22006464","1765899301","2025-12-16 15:35:01","0x2d185421f556ea40bd67f5512cca15f2a793ba55","0x78dd09e369f35d033a1d4ec1df39bc8a51c8b6fd","","0","0","0","0.000166667571","0.00395770135764978","26.78","Error(0)","execution reverted","Add Collateral"
"0xde14e6c5c5c56ac3d15860d91d22e76defbae2529aaa9c4a09164e8f6a344d94","22006495","1765899332","2025-12-16 15:35:32","0x2d185421f556ea40bd67f5512cca15f2a793ba55","0x78dd09e369f35d033a1d4ec1df39bc8a51c8b6fd","","0","0","0","0.000202156971551341","0.00480043547743976","26.78","Error(0)","execution reverted","Add Collateral"
"0x4a46f104ac01df0bfba48ed1ede919abb0519ed717192b79822ca5fb931ad1a0","22006855","1765899686","2025-12-16 15:41:26","0x2d185421f556ea40bd67f5512cca15f2a793ba55","0x78dd09e369f35d033a1d4ec1df39bc8a51c8b6fd","","0","0","0","0.001087061821393909","0.0258134562144661","26.78","Error(0)","execution reverted","Add Collateral"
"0xf6eaf628d9b8b21c4446ec29c19ca701fca82b360caf05facfc5ea91dd080e48","22013416","1765906140","2025-12-16 17:29:00","0xbe2c11446636c1caa99780e4da50b3e08efcb5d8","0x78dd09e369f35d033a1d4ec1df39bc8a51c8b6fd","","0","0","0","0.000139530758017644","0.00331330844463037","26.78","","","Deposit"
"0x0413fdb2e072b982cb40fc48ae57c42b4881fd6af121ac7c8fcfdb35c92fa802","22014971","1765907669","2025-12-16 17:54:29","0xc32b7438b3df7844c9ee799930a2224fe6e26426","0x78dd09e369f35d033a1d4ec1df39bc8a51c8b6fd","","0","0","0","0.000043577011081058","0.00103478316077351","26.78","","","Add Collateral"
"0xac34b90b13cbecd2c9ef792891dc135352175e231439637c36d18ce7ef88be30","22015447","1765908137","2025-12-16 18:02:17","0x941d795f9c3a947c67e2402450eab0b6cd92d422","0x78dd09e369f35d033a1d4ec1df39bc8a51c8b6fd","","0","0","0","0.000034878216944337","0.000828220905391404","26.78","","","Add Collateral"
"0xdd60ade81f58573ee47a83aadd7d956f9472053342a613f50b5a19cddfa2e4e5","22015509","1765908198","2025-12-16 18:03:18","0xac206dfe89faf2f394af56df6407ebb9053db240","0x78dd09e369f35d033a1d4ec1df39bc8a51c8b6fd","","0","0","0","0.000021995613926104","0.000522309592534244","26.78","","","Add Collateral"
"0x787889bc4b9ce1f332d58a25cf18b0de4599cb223bc349d2402891f77d2179d8","22015566","1765908254","2025-12-16 18:04:14","0x461bed1c0962cbcc4484be93030a0ea54be6d733","0x78dd09e369f35d033a1d4ec1df39bc8a51c8b6fd","","0","0","0","0.000075300310017738","0.00178808713297112","26.78","","","Add Collateral"
"0x50b8fa7bd93c003c21c4ee4d9078b35957987488963a5731f14669066974afc4","22015598","1765908286","2025-12-16 18:04:46","0xd4408dc67e85b229af48da4ce56d8892e76ded2e","0x78dd09e369f35d033a1d4ec1df39bc8a51c8b6fd","","0","0","0","0.000046495016191364","0.00110407434151968","26.78","","","Add Collateral"
"0x24dbfa6073997b1a6fccbe44186bfc9283d91dc509ca0cedf7bfe94b310d7bee","22024306","1765916851","2025-12-16 20:27:31","0x4b931edc27c4c8ad7b8def1188be74c5867c903f","0x78dd09e369f35d033a1d4ec1df39bc8a51c8b6fd","","0","0","0","0.0000251508","0.000597232891250201","26.78","","","Remove Collateral"
"0x6c74e7b32d8f673b86db4130c171a701998b0dcf028c5a01eb7b1742aa26ed18","22024700","1765917239","2025-12-16 20:33:59","0x4b931edc27c4c8ad7b8def1188be74c5867c903f","0x78dd09e369f35d033a1d4ec1df39bc8a51c8b6fd","","0","0","0","0.000039017000674092","0.00092650079204236","26.78","","","Remove Collateral"
"0x5c3d8bbdc45cb47bfcf4b4b6cea3599d24e287328cb614adce04179bc9cb7b5f","22037756","1765930080","2025-12-17 00:08:00","0x12045c1cc410461b24e4293dd05e2a6c47ebb584","0x78dd09e369f35d033a1d4ec1df39bc8a51c8b6fd","","0","0","0","0.000159264616","0.00378191020116787","24.48","","","Repay Asset"
"0x3172fb0d4c5fdf9014a7909b02045d1dfbfcc2359b57c4c760675161db964243","22060634","1765952583","2025-12-17 06:23:03","0x76e496a84a1d11558eea9cbafcd05702f037e127","0x78dd09e369f35d033a1d4ec1df39bc8a51c8b6fd","","0","0","0","0.000204733678","0.00486162215310159","24.48","","","Add Collateral"
"0x7ccb3a459501b67605deeaf5410f7e8f6fcbf226600380c58fbe5f2a459efe91","22063610","1765955511","2025-12-17 07:11:51","0x3a6f0416fb5678efe6ec415c984b0d64e456e2f7","0x78dd09e369f35d033a1d4ec1df39bc8a51c8b6fd","","0","0","0","0.001107675233","0.0263029439211011","24.48","","","Borrow Asset"
"0xe984341507c81c6453ce6397354972df8a936012cff4f6f8619b80c12b33eba5","22067954","1765959783","2025-12-17 08:23:03","0x39260b9be6b55b18505c6dd098d7fe0bb8622101","0x78dd09e369f35d033a1d4ec1df39bc8a51c8b6fd","","0","0","0","0.000212782331422816","0.00505274611553536","24.48","","","Add Collateral"
"0xd89a6f8b886c63d799137b7f3c141f6cb48b62b0ffe24ebaca42bfd5f9d6d506","22072831","1765964580","2025-12-17 09:43:00","0xdbf2a43a9f324f3b97d7dd1b4e57b64c9c5e41b5","0x78dd09e369f35d033a1d4ec1df39bc8a51c8b6fd","","0","0","0","0.0001293222","0.00307089521640809","24.48","","","Borrow Asset"
"0x54ab66673585aef1fcc471111ae1a40f86b94a0149586c35cde1e8154236743f","22075605","1765967309","2025-12-17 10:28:29","0x99c2b97d677119d26f2f91519081db0d4127d38d","0x78dd09e369f35d033a1d4ec1df39bc8a51c8b6fd","","0","0","0","0.000012094200120942","0.000287189835137996","24.48","","","Remove Collateral"
"0x7e59c42d2f56d7b972675d386676d80a9bbd58b0958497ef23970994c34ae198","22075641","1765967344","2025-12-17 10:29:04","0x99c2b97d677119d26f2f91519081db0d4127d38d","0x78dd09e369f35d033a1d4ec1df39bc8a51c8b6fd","","0","0","0","0.000007839800078398","0.000186164514355217","24.48","Error(0)","execution reverted","Remove Collateral"
"0x531ac75bd96c97f8b90be3e913879cd9268b1bf75e612c90bc52a1cc4e18b26a","22075724","1765967426","2025-12-17 10:30:26","0xf30187984546eb7f6210bba0fa00ba63c2440920","0x78dd09e369f35d033a1d4ec1df39bc8a51c8b6fd","","0","0","0","0.000012094200120942","0.000287189835137996","24.48","","","Remove Collateral"
"0x07eff1bd4868b2df0be2271c26bcee2df1169f01a7c690c246b3c943922b7acf","22084166","1765975730","2025-12-17 12:48:50","0x39260b9be6b55b18505c6dd098d7fe0bb8622101","0x78dd09e369f35d033a1d4ec1df39bc8a51c8b6fd","","0","0","0","0.000028963873461105","0.000687778436033076","24.48","","","Add Collateral"
"0x46645b3804bdd8c60e0dea8134d290d90aba47f0d19b817ba5b53e322ef72647","22087625","1765979132","2025-12-17 13:45:32","0x9751ee0e42408e7f7a8fa4fe083c222608c4f62a","0x78dd09e369f35d033a1d4ec1df39bc8a51c8b6fd","","0","0","0","0.000301080344866536","0.00714947774477348","24.48","","","Borrow Asset"
"0x057cf1b47809c297f3f59afd25a06be6508ef92192379d372cb1ee103afdc898","22087635","1765979142","2025-12-17 13:45:42","0x8a4cd3db5a63dafe5e7e754eef12510e6c9fa51c","0x78dd09e369f35d033a1d4ec1df39bc8a51c8b6fd","","0","0","0","0.0001045895983","0.00248359289515268","24.48","","","Add Collateral"
"0x12d2c0ea4577a761857a616af1d2781373be2a8bd6d7365663121e65ca5ceca0","22087635","1765979142","2025-12-17 13:45:42","0x8a4cd3db5a63dafe5e7e754eef12510e6c9fa51c","0x78dd09e369f35d033a1d4ec1df39bc8a51c8b6fd","","0","0","0","0.00006510096162","0.00154589259711345","24.48","Error(0)","execution reverted","Add Collateral"
"0xf5d68f74c162ece535d181215835d0900e39b1f491088e8870a3e83a837452cc","22088100","1765979599","2025-12-17 13:53:19","0x9751ee0e42408e7f7a8fa4fe083c222608c4f62a","0x78dd09e369f35d033a1d4ec1df39bc8a51c8b6fd","","0","0","0","0.000012197939057975","0.000289653228163246","24.48","Error(0)","execution reverted","Add Collateral"
"0x22047c6e673c8b461cf5eb6a54fdf7a304ac24094199730c7b54ceefd9a45d51","22088143","1765979641","2025-12-17 13:54:01","0x9751ee0e42408e7f7a8fa4fe083c222608c4f62a","0x78dd09e369f35d033a1d4ec1df39bc8a51c8b6fd","","0","0","0","0.0000142426812","0.000338207837215153","24.48","Error(0)","execution reverted","Add Collateral"
"0xf97e945c130305bbe95bd78862dd425d9eca864f1ae66bd299ed98f15f1983cc","22088186","1765979684","2025-12-17 13:54:44","0x9751ee0e42408e7f7a8fa4fe083c222608c4f62a","0x78dd09e369f35d033a1d4ec1df39bc8a51c8b6fd","","0","0","0","0.0000123806793","0.000293992592441613","24.48","Error(0)","execution reverted","Add Collateral"
"0x04786e973940ec0be50a413cb4b8c55502da339342dcd54440fd2f11219f5543","22088268","1765979764","2025-12-17 13:56:04","0x9751ee0e42408e7f7a8fa4fe083c222608c4f62a","0x78dd09e369f35d033a1d4ec1df39bc8a51c8b6fd","","0","0","0","0.00001238503486","0.000294096019914767","24.48","Error(0)","execution reverted","Add Collateral"
"0xc5a0a7269d6b2b790fca3e9abc624f663f622d2273da62a4949c4029414cec87","22093449","1765984860","2025-12-17 15:21:00","0xdbf2a43a9f324f3b97d7dd1b4e57b64c9c5e41b5","0x78dd09e369f35d033a1d4ec1df39bc8a51c8b6fd","","0","0","0","0.000680229583","0.0161527856199011","24.48","Error(0)","execution reverted","Add Collateral"
"0x3609289e9b97322e279796793addcee37db3cfa149888c946d344b8f981dc134","22093571","1765984980","2025-12-17 15:23:00","0xdbf2a43a9f324f3b97d7dd1b4e57b64c9c5e41b5","0x78dd09e369f35d033a1d4ec1df39bc8a51c8b6fd","","0","0","0","0.000188629655","0.00447921474589985","24.48","","","Add Collateral"
"0xa50be4998a107deabed26c979324cd61578c37ec0db7ee0821c5f8b1b46efc2a","22094138","1765985538","2025-12-17 15:32:18","0x9751ee0e42408e7f7a8fa4fe083c222608c4f62a","0x78dd09e369f35d033a1d4ec1df39bc8a51c8b6fd","","0","0","0","0.000119669011","0.00284166982491937","24.48","Error(0)","execution reverted","Add Collateral"
"0x838c4fc5df0a7da1bf283af3cdc11da370f4fb5652eeac33be36813482f0b54c","22100979","1765992267","2025-12-17 17:24:27","0xdf3e6fe0808bdfb3e8de36824f4ed28980263667","0x78dd09e369f35d033a1d4ec1df39bc8a51c8b6fd","","0","0","0","0.000179150494877552","0.0042541218579379","24.48","Error(0)","execution reverted","Add Collateral"
"0x9be2f3879828e2fae4b0a063bae59bb004cb025b2969144b7013608b6afe3662","22103221","1765994472","2025-12-17 18:01:12","0xdf3e6fe0808bdfb3e8de36824f4ed28980263667","0x78dd09e369f35d033a1d4ec1df39bc8a51c8b6fd","","0","0","0","0.000146144068226925","0.00347034863329329","24.48","Error(0)","execution reverted","Add Collateral"
"0xa3628003bb9a5810343b92d74900054e96228f07ae0b13192f668a3f403e7fb1","22103516","1765994762","2025-12-17 18:06:02","0xdf3e6fe0808bdfb3e8de36824f4ed28980263667","0x78dd09e369f35d033a1d4ec1df39bc8a51c8b6fd","","0","0","0","0.000293667042307495","0.00697344087433403","24.48","","","Borrow Asset"
"0x2483f5aa3c63bbaa7ca46aa69ea449c9e1fa8553a8867042ed9720f30b30837f","22108429","1765999595","2025-12-17 19:26:35","0xdf3e6fe0808bdfb3e8de36824f4ed28980263667","0x78dd09e369f35d033a1d4ec1df39bc8a51c8b6fd","","0","0","0","0.000052546599030035","0.0012477757074953","24.48","Error(0)","execution reverted","Add Collateral"
"0x3d89402a8983e2e0a15ab76c53d7e241979d4e546a3a3305b15be66b95457951","22110624","1766001754","2025-12-17 20:02:34","0x707da47b391c0e883dec5d4399238daa99fa59d9","0x78dd09e369f35d033a1d4ec1df39bc8a51c8b6fd","","0","0","0","0.000123414","0.00293059863068977","24.48","","","Remove Collateral"
"0xc85f9d7e3acdc6e84d96038087b995acc2896b6c3bb83845e4ef4c882ddb43a3","22110650","1766001780","2025-12-17 20:03:00","0x707da47b391c0e883dec5d4399238daa99fa59d9","0x78dd09e369f35d033a1d4ec1df39bc8a51c8b6fd","","0","0","0","0.0001317640447355","0.00312887945513476","24.48","","","Remove Collateral"
"0x01abf7bf198496e3a90904e42ccfdc54f9b48333224c9f76254cc7055f9c01a4","22110741","1766001869","2025-12-17 20:04:29","0x707da47b391c0e883dec5d4399238daa99fa59d9","0x78dd09e369f35d033a1d4ec1df39bc8a51c8b6fd","","0","0","0","0.000121556324481405","0.00288648612051215","24.48","","","Deposit"
"0xa25af6c23800644aca41b38462d61a0498a24eac0c36b0b9ed32c66286e8dfe7","22110767","1766001895","2025-12-17 20:04:55","0x707da47b391c0e883dec5d4399238daa99fa59d9","0x78dd09e369f35d033a1d4ec1df39bc8a51c8b6fd","","0","0","0","0.000116702253","0.00277122095418843","24.48","","","Deposit"
"0x5bb05973fdaf7889bd9aebad2e94197782e3a6b9834134f142ef1e8a894c2f72","22110834","1766001960","2025-12-17 20:06:00","0xdbf2a43a9f324f3b97d7dd1b4e57b64c9c5e41b5","0x78dd09e369f35d033a1d4ec1df39bc8a51c8b6fd","","0","0","0","0.000080546517","0.00191266397999441","24.48","","","Repay Asset"
"0xc0143d9eb9eabac5381e6966448d2b5cd0b49e7cb8d7991a41f9637f16c39685","22111420","1766002537","2025-12-17 20:15:37","0xdf3e6fe0808bdfb3e8de36824f4ed28980263667","0x78dd09e369f35d033a1d4ec1df39bc8a51c8b6fd","","0","0","0","0.0007017089679763","0.0166628367988565","24.48","","","Borrow Asset"
"0x146d9f1af83b72189a8a13fc11e27dd33cc19009198a42bf2075482f3cace745","22112175","1766003280","2025-12-17 20:28:00","0x46797ea3e0fcd39ee7414b2974d0672c92c81ded","0x78dd09e369f35d033a1d4ec1df39bc8a51c8b6fd","","0","0","0","0.000023197046872349","0.000550838914549017","24.48","Error(0)","execution reverted","Add Collateral"
"0xc71f89ffee0de1bfc6e82644fa02a2ea1d2b1f5a870c87467219710f5c83b90c","22112676","1766003772","2025-12-17 20:36:12","0x46797ea3e0fcd39ee7414b2974d0672c92c81ded","0x78dd09e369f35d033a1d4ec1df39bc8a51c8b6fd","","0","0","0","0.000103806296310607","0.00246499254399696","24.48","","","Add Collateral"
"0x09f78b33137354d64ab9c00802f9340835c041b82e5489115cdb7b7eed29038e","22113430","1766004514","2025-12-17 20:48:34","0x785feab33ecb42190abfbc0a1a8aac2d8b686703","0x78dd09e369f35d033a1d4ec1df39bc8a51c8b6fd","","0","0","0","0.000357047385260148","0.00847847552412816","24.48","Error(0)","execution reverted","Add Collateral"
"0xe6f55586e96c3e4ca5448187cfb87c2bb6bc90d4b14d20567f14d4e011afe448","22113480","1766004563","2025-12-17 20:49:23","0x46797ea3e0fcd39ee7414b2974d0672c92c81ded","0x78dd09e369f35d033a1d4ec1df39bc8a51c8b6fd","","0","0","0","0.000211605899048257","0.00502481045907838","24.48","","","Add Collateral"
"0xe93734f5edc4464e15b46d777ded1e0a1054e498c0f329258746275012e6934d","22114191","1766005262","2025-12-17 21:01:02","0x46797ea3e0fcd39ee7414b2974d0672c92c81ded","0x78dd09e369f35d033a1d4ec1df39bc8a51c8b6fd","","0","0","0","0.000141943707795222","0.00337060654139487","24.48","Error(0)","execution reverted","Borrow Asset"
"0xfb67ac75467eb5da1d0c5e68752bd2a9a159fda057fc85e687a8ceceaa64a563","22114319","1766005388","2025-12-17 21:03:08","0x46797ea3e0fcd39ee7414b2974d0672c92c81ded","0x78dd09e369f35d033a1d4ec1df39bc8a51c8b6fd","","0","0","0","0.000207515859367887","0.00492768805248951","24.48","Error(0)","execution reverted","Borrow Asset"
"0xfcb621f7e224b6d3781802638df69881cee9d720f5486d7d33b8375d6f360726","22115086","1766006143","2025-12-17 21:15:43","0x46797ea3e0fcd39ee7414b2974d0672c92c81ded","0x78dd09e369f35d033a1d4ec1df39bc8a51c8b6fd","","0","0","0","0.000089416440044739","0.00212328987599677","24.48","Error(0)","execution reverted","Borrow Asset"
"0x7ef054a1854804f388917d141d019354dfbe9b770370eeb27d3c9cc2dafb0236","22115184","1766006239","2025-12-17 21:17:19","0x46797ea3e0fcd39ee7414b2974d0672c92c81ded","0x78dd09e369f35d033a1d4ec1df39bc8a51c8b6fd","","0","0","0","0.000230668178595192","0.00547746486083242","24.48","","","Remove Collateral"
"0x5f31f0a381c2c449692ab53df8731d8fc6013040cfefa9ccb5bced2f5e85923e","22116166","1766007205","2025-12-17 21:33:25","0x46797ea3e0fcd39ee7414b2974d0672c92c81ded","0x78dd09e369f35d033a1d4ec1df39bc8a51c8b6fd","","0","0","0","0.000015073666867728","0.000357940488777914","24.48","Error(0)","execution reverted","Borrow Asset"
"0x0c563f48ba413690fda74a53824a6982c34c7faa3b1bb83f5256939adaebc1b2","22116293","1766007330","2025-12-17 21:35:30","0x46797ea3e0fcd39ee7414b2974d0672c92c81ded","0x78dd09e369f35d033a1d4ec1df39bc8a51c8b6fd","","0","0","0","0.000021830459613885","0.000518387825139609","24.48","Error(0)","execution reverted","Borrow Asset"
"0x2a71ba49bcd196b6d59d9411e282f136907cf37358a1e34f2885f9438ca170c7","22116309","1766007346","2025-12-17 21:35:46","0x46797ea3e0fcd39ee7414b2974d0672c92c81ded","0x78dd09e369f35d033a1d4ec1df39bc8a51c8b6fd","","0","0","0","0.000017433967027959","0.000413988363553788","24.48","Error(0)","execution reverted","Borrow Asset"
"0xe0df0a4ec4fbfae19df3ef03932314fc9efce365a4f0c6f8bf9701204f96d92b","22119374","1766010360","2025-12-17 22:26:00","0x46797ea3e0fcd39ee7414b2974d0672c92c81ded","0x78dd09e369f35d033a1d4ec1df39bc8a51c8b6fd","","0","0","0","0.00000828901288764","0.000196831557345906","24.48","Error(0)","execution reverted","Borrow Asset"
"0x04713e853900ae2520a2d6547653fc8ccfd7ec87b4894deee6e15fb28198647f","22120350","1766011320","2025-12-17 22:42:00","0x46797ea3e0fcd39ee7414b2974d0672c92c81ded","0x78dd09e369f35d033a1d4ec1df39bc8a51c8b6fd","","0","0","0","0.000018918337650156","0.000449236346058582","24.48","Error(0)","execution reverted","Borrow Asset"
"0x32c179e9ee64fa37fa69589982f34ce49c9b530dbbb32a010ac82ad17b05ea90","22120472","1766011440","2025-12-17 22:44:00","0x46797ea3e0fcd39ee7414b2974d0672c92c81ded","0x78dd09e369f35d033a1d4ec1df39bc8a51c8b6fd","","0","0","0","0.000012769205814432","0.00030321857386334","24.48","","","Remove Collateral"
"0x9f43729ee178bf460de4f99312abbc4d8236ae054f3fdaf4f334bb420c5574f0","22122058","1766013000","2025-12-17 23:10:00","0xdbf2a43a9f324f3b97d7dd1b4e57b64c9c5e41b5","0x78dd09e369f35d033a1d4ec1df39bc8a51c8b6fd","","0","0","0","0.000757516079","0.0179880368827109","24.48","","","Borrow Asset"
"0x3912afbf8a1a3930bd6517ab8bde6d8122554c46f0f2f2173a67bbab56d68b80","22129811","1766020626","2025-12-18 01:17:06","0x9041538cf2d6dc9cdee8b60773ca36f6a12e7b6d","0x78dd09e369f35d033a1d4ec1df39bc8a51c8b6fd","","0","0","0","0.0000270178","0.000641566821302689","22.54","","","Add Collateral"
"0x14fb228cae676bf873065631c2bc376a46b7642c340554d921cbd570710bfb62","22138279","1766028956","2025-12-18 03:35:56","0xdf3e6fe0808bdfb3e8de36824f4ed28980263667","0x78dd09e369f35d033a1d4ec1df39bc8a51c8b6fd","","0","0","0","0.000012114672664304","0.000287675977776136","22.54","","","Add Collateral"
"0x18fc7da4a6839f56e00de7e481c14facc81559a351f56a0c05a88d7111828dda","22138547","1766029219","2025-12-18 03:40:19","0xdf3e6fe0808bdfb3e8de36824f4ed28980263667","0x78dd09e369f35d033a1d4ec1df39bc8a51c8b6fd","","0","0","0","0.0000118013","0.000280234605639224","22.54","","","Add Collateral"
"0x403bfb66b36ec9a4faef847ab279d3ed4256d707c6d9f2a09aa8e69f774ab3b8","22154345","1766044758","2025-12-18 07:59:18","0xc1269b5614c6f5cc50affa5e62d403622c6cdb3f","0x78dd09e369f35d033a1d4ec1df39bc8a51c8b6fd","","0","0","0","0.000149636839","0.00355328824504631","22.54","Error(0)","execution reverted","Add Collateral"
"0xc3ffc77371bb9114e82645baf8f9c9e89d0b3ddfb491c46490685a5e68de3374","22154365","1766044778","2025-12-18 07:59:38","0xc1269b5614c6f5cc50affa5e62d403622c6cdb3f","0x78dd09e369f35d033a1d4ec1df39bc8a51c8b6fd","","0","0","0","0.00015464198612742","0.00367214086564055","22.54","Error(0)","execution reverted","Add Collateral"
"0x06a5e1a527f9cb28a3077c7abf26c4a0954327f0a7f4744d0923969652781c92","22154522","1766044932","2025-12-18 08:02:12","0xc1269b5614c6f5cc50affa5e62d403622c6cdb3f","0x78dd09e369f35d033a1d4ec1df39bc8a51c8b6fd","","0","0","0","0.0004316475041336","0.0102499358626621","22.54","","","Add Collateral"
"0x84edfc2be14c8be9e84f4c421f17df185a196166a3fa134958d17aac8f6bcc6a","22159630","1766049957","2025-12-18 09:25:57","0x64f0f6a906750598cea3317e7771f441b70f9e9c","0x78dd09e369f35d033a1d4ec1df39bc8a51c8b6fd","","0","0","0","0.000623887993783065","0.0148148937744862","22.54","","","Add Collateral"
"0x7e3b71cdbc3e390781549195e12ec4f448a50b2d06682ca06f5a5da512f5317b","22159799","1766050123","2025-12-18 09:28:43","0x64f0f6a906750598cea3317e7771f441b70f9e9c","0x78dd09e369f35d033a1d4ec1df39bc8a51c8b6fd","","0","0","0","0.002538558995955654","0.0602808232248597","22.54","","","Add Collateral"
"0xe379b893cc3207d195c47c24ac4c4e4684e062d9d0da5afede8d8b0dcb96a383","22169333","1766059500","2025-12-18 12:05:00","0xdbf2a43a9f324f3b97d7dd1b4e57b64c9c5e41b5","0x78dd09e369f35d033a1d4ec1df39bc8a51c8b6fd","","0","0","0","0.000472052","0.011209384225569","22.54","","","Add Collateral"
"0xcd6e46e3f89cf12ce2c64cd418541dee8656e6379221b7c533c9ce6ca5d3944d","22187155","1766077030","2025-12-18 16:57:10","0x707da47b391c0e883dec5d4399238daa99fa59d9","0x78dd09e369f35d033a1d4ec1df39bc8a51c8b6fd","","0","0","0","0.000440272230339532","0.0104547392950862","22.54","","","Withdraw"
"0x7a6c241f8fb38788fc39f4279eba34f78858c0af4964f54504926804c2b87d90","22187324","1766077197","2025-12-18 16:59:57","0x707da47b391c0e883dec5d4399238daa99fa59d9","0x78dd09e369f35d033a1d4ec1df39bc8a51c8b6fd","","0","0","0","0.00035791925","0.00849917889337927","22.54","","","Withdraw"
"0xd301f2bb2c6a186495a0d29553e39a6b3ae8558e7ff0104b7a9e6dbd9be198de","22188707","1766078557","2025-12-18 17:22:37","0x707da47b391c0e883dec5d4399238daa99fa59d9","0x78dd09e369f35d033a1d4ec1df39bc8a51c8b6fd","","0","0","0","0.01023906086416425","0.243137551234616","22.54","","","Withdraw"
"0x676657987f8e021547d72c5f88f0cc4f27d03be34a93768780b208bea9bd0453","22194128","1766083889","2025-12-18 18:51:29","0xb30348ac172b8e6cef9ba93a283ea517064a9e4f","0x78dd09e369f35d033a1d4ec1df39bc8a51c8b6fd","","0","0","0","0.00325417883529118","0.0772739886781399","22.54","Error(0)","execution reverted","Add Collateral"
"0x80829a62fee50448accbed6205a48cdbe71e930bac2604bcbe2cb321c36645ed","22194142","1766083903","2025-12-18 18:51:43","0xb30348ac172b8e6cef9ba93a283ea517064a9e4f","0x78dd09e369f35d033a1d4ec1df39bc8a51c8b6fd","","0","0","0","0.00325417883529118","0.0772739886781399","22.54","Error(0)","execution reverted","Add Collateral"
"0x78b1ca688f3f479ca3e69e19d769414faf59ac9d0ce19fbf7cfdf73d7819b5a7","22194142","1766083903","2025-12-18 18:51:43","0xb30348ac172b8e6cef9ba93a283ea517064a9e4f","0x78dd09e369f35d033a1d4ec1df39bc8a51c8b6fd","","0","0","0","0.00673093884406559","0.159833407552427","22.54","Error(0)","execution reverted","Add Collateral"
"0x1e332b33bcd194144af91b503f067c1f561ecc47426c9ca2fcfbc6b10e606e11","22194205","1766083965","2025-12-18 18:52:45","0xb30348ac172b8e6cef9ba93a283ea517064a9e4f","0x78dd09e369f35d033a1d4ec1df39bc8a51c8b6fd","","0","0","0","0.002107620427509496","0.0500477218052499","22.54","Error(0)","execution reverted","Add Collateral"
"0x72713da3fa151cda9bee0c8d334a9c9a4ac627efa3b0f5d8ddebcdfa0a4848be","22195148","1766084892","2025-12-18 19:08:12","0x707da47b391c0e883dec5d4399238daa99fa59d9","0x78dd09e369f35d033a1d4ec1df39bc8a51c8b6fd","","0","0","0","0.0025420445586854","0.0603635916738442","22.54","","","Repay Asset"
"0x942630fa2315b75b7ffe89d835d032730744b6d666679afd343f323f5eab56e3","22195275","1766085017","2025-12-18 19:10:17","0x707da47b391c0e883dec5d4399238daa99fa59d9","0x78dd09e369f35d033a1d4ec1df39bc8a51c8b6fd","","0","0","0","0.00102905415060655","0.0244360014639602","22.54","","","Remove Collateral"
"0xc67ef8acc0737b42a68f4227d1f02e3b5e07a4a9a1eaa6fb02ea044b4b9c5d89","22195320","1766085061","2025-12-18 19:11:01","0x707da47b391c0e883dec5d4399238daa99fa59d9","0x78dd09e369f35d033a1d4ec1df39bc8a51c8b6fd","","0","0","0","0.00140441296817556","0.0333493017117851","22.54","","","Repay Asset"
"0x7bbf168acc1cbea5d38ca5b4d847bf64ec65b2636259a6df25b0a2ba8b3d5bbd","22195351","1766085092","2025-12-18 19:11:32","0x707da47b391c0e883dec5d4399238daa99fa59d9","0x78dd09e369f35d033a1d4ec1df39bc8a51c8b6fd","","0","0","0","0.00229124150536306","0.054408002481052","22.54","","","Remove Collateral"
"0xe35edb632fa63f7a22f4de153c7a661503deb3f430502f2adaaf683bb299f94c","22195383","1766085123","2025-12-18 19:12:03","0x707da47b391c0e883dec5d4399238daa99fa59d9","0x78dd09e369f35d033a1d4ec1df39bc8a51c8b6fd","","0","0","0","0.00132440289413481","0.0314493761488408","22.54","","","Repay Asset"
"0x3e4a5fb893e5135d60133bb58f3bdf40e8a52800d834c55473415de23ffada99","22195397","1766085137","2025-12-18 19:12:17","0x707da47b391c0e883dec5d4399238daa99fa59d9","0x78dd09e369f35d033a1d4ec1df39bc8a51c8b6fd","","0","0","0","0.002002929428493602","0.0475617210406566","22.54","","","Remove Collateral"
"0x4c1d598e7cbede9106410ff0eb274531517263bfb31efb9de4412fac2a5b0b44","22195465","1766085204","2025-12-18 19:13:24","0x707da47b391c0e883dec5d4399238daa99fa59d9","0x78dd09e369f35d033a1d4ec1df39bc8a51c8b6fd","","0","0","0","0.000725760475466884","0.0172339658030046","22.54","","","Repay Asset"
"0x91b1390635b8432dd9401cc2ba0061eb720bf41b61e79060b227f70cf27dcc33","22195505","1766085243","2025-12-18 19:14:03","0x707da47b391c0e883dec5d4399238daa99fa59d9","0x78dd09e369f35d033a1d4ec1df39bc8a51c8b6fd","","0","0","0","0.001519184732531188","0.0360746811295372","22.54","","","Remove Collateral"
"0x37bcc1f3039e4de9afe188a3944d7ce927844cbeb75907c2daa4364a3a45d551","22195554","1766085292","2025-12-18 19:14:52","0x707da47b391c0e883dec5d4399238daa99fa59d9","0x78dd09e369f35d033a1d4ec1df39bc8a51c8b6fd","","0","0","0","0.000516819407991832","0.0122724346457838","22.54","","","Repay Asset"
"0x22637e1cefc84e53595f6febdbb76b35f0a0634c8a76156a4157bc6838f075fd","22195571","1766085308","2025-12-18 19:15:08","0x707da47b391c0e883dec5d4399238daa99fa59d9","0x78dd09e369f35d033a1d4ec1df39bc8a51c8b6fd","","0","0","0","0.0004198259975676","0.0099692214303043","22.54","","","Withdraw"
"0x20255d73b0c80c6b75eef98541679fcb0ca5177a9c549ff31d0c3759f8a2e656","22195584","1766085321","2025-12-18 19:15:21","0x707da47b391c0e883dec5d4399238daa99fa59d9","0x78dd09e369f35d033a1d4ec1df39bc8a51c8b6fd","","0","0","0","0.00031984635259346","0.00759509685239528","22.54","","","Repay Asset"
"0x4bfafeca98c57b1cc3f22959b9e8e81795a15130033e0f55461017110a87b93e","22195622","1766085359","2025-12-18 19:15:59","0x707da47b391c0e883dec5d4399238daa99fa59d9","0x78dd09e369f35d033a1d4ec1df39bc8a51c8b6fd","","0","0","0","0.00023825313677568","0.00565757787927099","22.54","","","Withdraw"
"0x5671650b69ff357faaa025238163b770c98432bb5be69f5c179da91495115e1b","22195663","1766085399","2025-12-18 19:16:39","0x707da47b391c0e883dec5d4399238daa99fa59d9","0x78dd09e369f35d033a1d4ec1df39bc8a51c8b6fd","","0","0","0","0.000685934606981164","0.0162882575717643","22.54","","","Withdraw"
"0x4247c0ef58a39e5ab7b77c474e191ff22dbf357d3812865a26e4dbb32f22211b","22195701","1766085436","2025-12-18 19:17:16","0x707da47b391c0e883dec5d4399238daa99fa59d9","0x78dd09e369f35d033a1d4ec1df39bc8a51c8b6fd","","0","0","0","0.003788592986427438","0.0899642294898886","22.54","","","Remove Collateral"
"0x0b34319b6b9147f411bab18e679c5437b9af921d2cb68ec2d0f614e4bdf64e63","22195719","1766085454","2025-12-18 19:17:34","0x707da47b391c0e883dec5d4399238daa99fa59d9","0x78dd09e369f35d033a1d4ec1df39bc8a51c8b6fd","","0","0","0","0.003286261767868035","0.078035832539276","22.54","","","Deposit"
"0x260d0eeec416b902508a8082532503f4c0c37d25c4e8aabeb1a0819b9bc635f8","22195744","1766085479","2025-12-18 19:17:59","0x707da47b391c0e883dec5d4399238daa99fa59d9","0x78dd09e369f35d033a1d4ec1df39bc8a51c8b6fd","","0","0","0","0.002438726988772368","0.0579102044656399","22.54","","","Deposit"
"0xa659ae28a5046a94951b428ce961cc2634497a5f307817fe706ef809df093762","22198256","1766087949","2025-12-18 19:59:09","0x707da47b391c0e883dec5d4399238daa99fa59d9","0x78dd09e369f35d033a1d4ec1df39bc8a51c8b6fd","","0","0","0","0.004019003625916875","0.095435578806693","22.54","","","Add Collateral"
"0x165d6112f7ab494102f046705f2af5f1001cb152a893b1557877be23a84d0a67","22199498","1766089171","2025-12-18 20:19:31","0xf2dfe24775f18d36bce5cc7fb8a2c408c86f2888","0x78dd09e369f35d033a1d4ec1df39bc8a51c8b6fd","","0","0","0","0.000377023983","0.00895284139819634","22.54","","","Borrow Asset"
"0x7bd414ce392d5c7c3b6997ca6e44e2099e622e644ddbdc39446ffa02474d61a8","22199992","1766089657","2025-12-18 20:27:37","0x707da47b391c0e883dec5d4399238daa99fa59d9","0x78dd09e369f35d033a1d4ec1df39bc8a51c8b6fd","","0","0","0","0.00101076641242434","0.0240017393828738","22.54","","","Remove Collateral"
"0x4355e4258f42984283aed6065141e5c3df93691cab7db3153f2bf1d787637397","22200090","1766089753","2025-12-18 20:29:13","0x707da47b391c0e883dec5d4399238daa99fa59d9","0x78dd09e369f35d033a1d4ec1df39bc8a51c8b6fd","","0","0","0","0.00061799960099856","0.0146750675324777","22.54","","","Withdraw"
"0xd57e159635fbf90f73572c5e7613150f15da4737813e6e8784eb5b1074ac3647","22200809","1766090460","2025-12-18 20:41:00","0xdbf2a43a9f324f3b97d7dd1b4e57b64c9c5e41b5","0x78dd09e369f35d033a1d4ec1df39bc8a51c8b6fd","","0","0","0","0.00035659253","0.00846767449505081","22.54","","","Repay Asset"
"0xac53ed4d14ece21a71a657274809965cdf99a0c60df056f7882b7e0a184d5848","22238010","1766127052","2025-12-19 06:50:52","0x9041538cf2d6dc9cdee8b60773ca36f6a12e7b6d","0x78dd09e369f35d033a1d4ec1df39bc8a51c8b6fd","","0","0","0","0.00001416012","0.000336247332412877","24.86","","","Add Collateral"
"0x4f7f22a3793ef898bbf9acd95e1b6ca6d87733b1bb33dc4a0eca816bdd41f1d6","22251988","1766140800","2025-12-19 10:40:00","0xdbf2a43a9f324f3b97d7dd1b4e57b64c9c5e41b5","0x78dd09e369f35d033a1d4ec1df39bc8a51c8b6fd","","0","0","0","0.0000367851","0.000873501901646379","24.86","","","Repay Asset"
"0x81b460cca1f5068fcff5590b07f1e2fcc301cc0c00e850bf0b2eb16786197cd8","22261895","1766150545","2025-12-19 13:22:25","0x64ee1b42f5083a9457a4e9de1ec7acde3e846c44","0x78dd09e369f35d033a1d4ec1df39bc8a51c8b6fd","","0","0","0","0.000164035019499791","0.00389518858096535","24.86","","","Add Collateral"
"0x91b0ae0abeebc3b1c66f3f0d7fe73b520d43eb0508451ed2897100eb2443be09","22302391","1766190377","2025-12-20 00:26:17","0x9041538cf2d6dc9cdee8b60773ca36f6a12e7b6d","0x78dd09e369f35d033a1d4ec1df39bc8a51c8b6fd","","0","0","0","0.00001621212","0.000384974287135805","24.01","","","Add Collateral"
"0xc2fd561c2b2c508f37b05675daa4b581c0d152351f61284f10fd184187d3763b","22331872","1766219460","2025-12-20 08:31:00","0xdbf2a43a9f324f3b97d7dd1b4e57b64c9c5e41b5","0x78dd09e369f35d033a1d4ec1df39bc8a51c8b6fd","","0","0","0","0.00030085753","0.00714418676528357","24.01","","","Repay Asset"
"0x5f383d30b477b6f61087df2fd7e7df8955c1d24418c4c79ebc69854b3769f864","22348288","1766235607","2025-12-20 13:00:07","0x1b2b21b336d726dd8cd6ca63a91d7a22608a4ffe","0x78dd09e369f35d033a1d4ec1df39bc8a51c8b6fd","","0","0","0","0.000034797798646248","0.000826311286107838","24.01","","","Add Collateral"
"0x12ff2031654a8e7794f695e5b12f46c08f7955e39b9dbbc6c8aa03e2b22941d3","22352429","1766239680","2025-12-20 14:08:00","0xdbf2a43a9f324f3b97d7dd1b4e57b64c9c5e41b5","0x78dd09e369f35d033a1d4ec1df39bc8a51c8b6fd","","0","0","0","0.000075364867","0.00178962010819126","24.01","","","Repay Asset"
"0xfea8e906da7414c1e6f9580f4c22153da8c1d29ebaea5b5ab4231e39327e201e","22360066","1766247192","2025-12-20 16:13:12","0x6a4168dc36127656f7798c1138254ce4a90df956","0x78dd09e369f35d033a1d4ec1df39bc8a51c8b6fd","","0","0","0","0.00001194888","0.00028373905202227","24.01","Error(0)","execution reverted","Repay Asset"
"0x9baa1e802746543574671351b01fc05007f1b4d3fb1dbbdd3f29afa0ce4513a7","22360127","1766247252","2025-12-20 16:14:12","0x6a4168dc36127656f7798c1138254ce4a90df956","0x78dd09e369f35d033a1d4ec1df39bc8a51c8b6fd","","0","0","0","0.00001144328726","0.000271733206724891","24.01","","","Repay Asset"
"0x8e50eb7f194e44caffb384deafc3942acf0e409c614890613cc7ab34b9bb3280","22360306","1766247428","2025-12-20 16:17:08","0x6a4168dc36127656f7798c1138254ce4a90df956","0x78dd09e369f35d033a1d4ec1df39bc8a51c8b6fd","","0","0","0","0.000011257258","0.000267315741164872","24.01","","","Repay Asset"
"0x8bd3e8b7e71707d84531aca24a72456e8bcf34ef8e7ff0fdfac8811f88cc2320","22360385","1766247506","2025-12-20 16:18:26","0x6a4168dc36127656f7798c1138254ce4a90df956","0x78dd09e369f35d033a1d4ec1df39bc8a51c8b6fd","","0","0","0","0.000010772458","0.00025580364192039","24.01","","","Repay Asset"
"0xb71a0d46dbcfb3869a3d78780e630948e91a2ca7fe9cc3ef65b1d8d168799ba0","22365886","1766252917","2025-12-20 17:48:37","0xdf3e6fe0808bdfb3e8de36824f4ed28980263667","0x78dd09e369f35d033a1d4ec1df39bc8a51c8b6fd","","0","0","0","0.0000186799","0.00044357438670995","24.01","","","Borrow Asset"
"0xd2f58b0624d8ab1a6bc3799a6fc7c29151888c07d94308af3829ddad75b4fd93","22368344","1766255335","2025-12-20 18:28:55","0xc32b7438b3df7844c9ee799930a2224fe6e26426","0x78dd09e369f35d033a1d4ec1df39bc8a51c8b6fd","","0","0","0","0.0000724824","0.00172117281823057","24.01","","","Remove Collateral"
"0x42ddb6a115189f499cefd6175c554a21532ca602c1bf0c42c3ab430d741196e7","22368531","1766255519","2025-12-20 18:31:59","0x941d795f9c3a947c67e2402450eab0b6cd92d422","0x78dd09e369f35d033a1d4ec1df39bc8a51c8b6fd","","0","0","0","0.00002603670672606","0.000618269702619335","24.01","","","Remove Collateral"
"0x19eb6213a4d03cd3e818788d3b3cdf02ffa49e9f527c4dd4b3b646fe3db7a6dc","22368570","1766255557","2025-12-20 18:32:37","0xac206dfe89faf2f394af56df6407ebb9053db240","0x78dd09e369f35d033a1d4ec1df39bc8a51c8b6fd","","0","0","0","0.000038925733306488","0.000924333549893763","24.01","","","Remove Collateral"
"0x6b00813913551bf95ed4d7200f6fefef93cde3ff6786dfb1589e919b6a7e1f14","22368602","1766255588","2025-12-20 18:33:08","0x461bed1c0962cbcc4484be93030a0ea54be6d733","0x78dd09e369f35d033a1d4ec1df39bc8a51c8b6fd","","0","0","0","0.000044618533619568","0.00105951523756536","24.01","","","Remove Collateral"
"0x6a1143b7dd9137ed513aa82440676b4d308a20eaff94c3cdf44511c65d1e8702","22368632","1766255618","2025-12-20 18:33:38","0xd4408dc67e85b229af48da4ce56d8892e76ded2e","0x78dd09e369f35d033a1d4ec1df39bc8a51c8b6fd","","0","0","0","0.000102669385769568","0.00243799537613282","24.01","","","Remove Collateral"
"0x68674cb6adeeebba2f113442dfcfd1703a5262f24fd474b784b90c60025a5ccc","22378185","1766265014","2025-12-20 21:10:14","0x707da47b391c0e883dec5d4399238daa99fa59d9","0x78dd09e369f35d033a1d4ec1df39bc8a51c8b6fd","","0","0","0","0.00029435435","0.00698976173730352","24.01","","","Add Collateral"
"0x41e76e9e865b21b250f5c69f2b743d941e9d46c95e190efe4a45d17c204ed3af","22378278","1766265106","2025-12-20 21:11:46","0x707da47b391c0e883dec5d4399238daa99fa59d9","0x78dd09e369f35d033a1d4ec1df39bc8a51c8b6fd","","0","0","0","0.001163694468","0.0276331811177181","24.01","","","Remove Collateral"
"0xf431d09e271250d63fa61b3c03245a12a92707a9ccaa4ba63d680259f21fb80a","22422085","1766308195","2025-12-21 09:09:55","0x6863530bd6d7b68dcb38834628d8fb59e369f692","0x78dd09e369f35d033a1d4ec1df39bc8a51c8b6fd","","0","0","0","0.000281223533849379","0.00667795633572146","24.70","","","Add Collateral"
"0x46fad734732781c65ee52934ab88dd4518426fed81ba2924514c48096652da83","22422899","1766308995","2025-12-21 09:23:15","0x9e53894756141368a8957a471289d1431aea9445","0x78dd09e369f35d033a1d4ec1df39bc8a51c8b6fd","","0","0","0","0.000069079492","0.00164036709501309","24.70","","","Repay Asset"
"0x61216826cdd10da43cd337e21e534c5f9ed0f8867f64c2f29d01419506e95bcd","22422951","1766309046","2025-12-21 09:24:06","0x9e53894756141368a8957a471289d1431aea9445","0x78dd09e369f35d033a1d4ec1df39bc8a51c8b6fd","","0","0","0","0.0000782404416","0.00185790373067499","24.70","","","Remove Collateral"
"0x5cecd557ad12c1b75c87ae98713850bb6c4a9c0b364232ccb2d6bd489dce1042","22439781","1766325600","2025-12-21 14:00:00","0xdbf2a43a9f324f3b97d7dd1b4e57b64c9c5e41b5","0x78dd09e369f35d033a1d4ec1df39bc8a51c8b6fd","","0","0","0","0.0002942808","0.00698801521317103","24.70","","","Repay Asset"
"0xe52c9f4218b5ac3e97c88334628cdb6ffd5d2cfe0c4ab4803c6cd7ead3a41327","22454068","1766339653","2025-12-21 17:54:13","0x6b1769815ab6556959999272cde36c6062f3a3d8","0x78dd09e369f35d033a1d4ec1df39bc8a51c8b6fd","","0","0","0","0.0000215370122","0.000511419599579212","24.70","","","Add Collateral"
"0xe106c93ed4a825a80f15f71b26bd1f4067e6ec28bb1f99af607e5949b3d1dbf3","22454233","1766339816","2025-12-21 17:56:56","0x6b1769815ab6556959999272cde36c6062f3a3d8","0x78dd09e369f35d033a1d4ec1df39bc8a51c8b6fd","","0","0","0","0.00002651988","0.000629743173497796","24.70","","","Borrow Asset"
"0xbfedc20d2f974f4f2b1f8e507b1235a645627f1b9aa0e91b84eb96ef9b7b2618","22459284","1766344784","2025-12-21 19:19:44","0x0aa0c3ac0151c42537fdb3cb6a2f37b9251a6c6c","0x78dd09e369f35d033a1d4ec1df39bc8a51c8b6fd","","0","0","0","0.0000405491922","0.000962884333518858","24.70","Error(0)","execution reverted","Add Collateral"
"0xd7792edc42c5119c1121a5cf44ebc66ec78930beeff174726a0e8b6439bc085d","22459306","1766344805","2025-12-21 19:20:05","0x0aa0c3ac0151c42537fdb3cb6a2f37b9251a6c6c","0x78dd09e369f35d033a1d4ec1df39bc8a51c8b6fd","","0","0","0","0.0000405491922","0.000962884333518858","24.70","Error(0)","execution reverted","Add Collateral"
"0x231f1c3e731364e8de6319eb3e3224cf001e2ea8d2fca2dee1dd91282cce3770","22473866","1766359127","2025-12-21 23:18:47","0xaaaafc227276f77ac762804c76ffed4f3ac2aa43","0x78dd09e369f35d033a1d4ec1df39bc8a51c8b6fd","","0","0","0","0.0003512938","0.00834185043228326","24.70","","","Add Collateral"
"0xd55528472a7b9851578915edb3364295ff5ed3fa4c78fa65cf470911682a3bdf","22476524","1766361741","2025-12-22 00:02:21","0xaaaafc227276f77ac762804c76ffed4f3ac2aa43","0x78dd09e369f35d033a1d4ec1df39bc8a51c8b6fd","","0","0","0","0.00045378968756256","0.0107757259062341","24.87","","","Remove Collateral"
"0x8b8fb460714b56305ca6bc107f40297d5af11c45388ae92ae916905c1b225ba8","22486944","1766371990","2025-12-22 02:53:10","0x9041538cf2d6dc9cdee8b60773ca36f6a12e7b6d","0x78dd09e369f35d033a1d4ec1df39bc8a51c8b6fd","","0","0","0","0.00001416012","0.000336247332412877","24.87","","","Add Collateral"
"0xc26689ea13b0412c9bd8882d7347fc433c9cb235481bb9f1549bf9c8df2a0e49","22505392","1766390136","2025-12-22 07:55:36","0x39260b9be6b55b18505c6dd098d7fe0bb8622101","0x78dd09e369f35d033a1d4ec1df39bc8a51c8b6fd","","0","0","0","0.000016336259631705","0.000387922116674504","24.87","","","Add Collateral"
"0xff87e4a451b621a07ca4ab11de56d45030180d77dbca4b01b21889979039065f","22506149","1766390880","2025-12-22 08:08:00","0xdbf2a43a9f324f3b97d7dd1b4e57b64c9c5e41b5","0x78dd09e369f35d033a1d4ec1df39bc8a51c8b6fd","","0","0","0","0.00028603202","0.00679213902916548","24.87","","","Repay Asset"
"0x4351a3bd292af3934a189a2c0a072af96f920e281c13aced7012c03448d56b2c","22508406","1766393100","2025-12-22 08:45:00","0x3e7013ca48801abcabdb4bb97e0078fecaca0d8e","0x78dd09e369f35d033a1d4ec1df39bc8a51c8b6fd","","0","0","0","0.00002052724594","0.000487441609895118","24.87","","","Add Collateral"
"0xe9200b5e0d07618f3deae14fc61c4359c384c9969e156f98656551b2fafd667a","22509843","1766394514","2025-12-22 09:08:34","0xbe3ba643bdbcc8b8a5ea341306681692448d5618","0x78dd09e369f35d033a1d4ec1df39bc8a51c8b6fd","","0","0","0","0.0000405491922","0.000962884333518858","24.87","Error(0)","execution reverted","Add Collateral"
"0x70f3a80162953405b8a15c23d807a0db2979cff2bdf84b4440156ea39666c67e","22509899","1766394569","2025-12-22 09:09:29","0xbe3ba643bdbcc8b8a5ea341306681692448d5618","0x78dd09e369f35d033a1d4ec1df39bc8a51c8b6fd","","0","0","0","0.000018122544","0.000430339366935802","24.87","Error(0)","execution reverted","Add Collateral"
"0xba5ec9b010e3eb8f055adbcd80255c4501e237f0ce985b86ae3f616900cef7fd","22509899","1766394569","2025-12-22 09:09:29","0xbe3ba643bdbcc8b8a5ea341306681692448d5618","0x78dd09e369f35d033a1d4ec1df39bc8a51c8b6fd","","0","0","0","0.00004594103036853","0.00109091935023977","24.87","Error(0)","execution reverted","Add Collateral"
"0xdeceae726ad497468a976bd68950ba3db6331ce733d49a578bd008f3061a5750","22509932","1766394601","2025-12-22 09:10:01","0xbe3ba643bdbcc8b8a5ea341306681692448d5618","0x78dd09e369f35d033a1d4ec1df39bc8a51c8b6fd","","0","0","0","0.0000306436284","0.000727666030016093","24.87","","","Add Collateral"
"0x2717769ac9331dc8ceef329c0ef778c0010d1246c0fc21b61b827739bf0cf5f2","22511278","1766395925","2025-12-22 09:32:05","0x6863530bd6d7b68dcb38834628d8fb59e369f692","0x78dd09e369f35d033a1d4ec1df39bc8a51c8b6fd","","0","0","0","0.000057568824","0.00136703385989288","24.87","","","Remove Collateral"
"0x9bc0d0fa6844880b44634e385dcb86be9b8f0b9e99d4da9d70a5cb25327b9521","22517245","1766401795","2025-12-22 11:09:55","0x23ff7b5ee3988ccb8047883278edb516ddae177a","0x78dd09e369f35d033a1d4ec1df39bc8a51c8b6fd","","0","0","0","0.00001546233172","0.00036716975518096","24.87","","","Add Collateral"
"0x27a301eb9c5d1aff49e49aea8e2a6be79a1cfafa471d0927191b3aedd9edb61a","22517487","1766402033","2025-12-22 11:13:53","0x23ff7b5ee3988ccb8047883278edb516ddae177a","0x78dd09e369f35d033a1d4ec1df39bc8a51c8b6fd","","0","0","0","0.000197654976","0.00469353073407084","24.87","","","Remove Collateral"
"0x38f0bad2a18c5b7367d8829cad949b2112bcc2c0250aa74bed0c0341ac0ab483","22524449","1766408880","2025-12-22 13:08:00","0xdbf2a43a9f324f3b97d7dd1b4e57b64c9c5e41b5","0x78dd09e369f35d033a1d4ec1df39bc8a51c8b6fd","","0","0","0","0.00031375695","0.00745049741552335","24.87","","","Repay Asset"
"0xe7aab28a0a95ddbc9a607323b725b647c4409f9f032cfd2c461c5e5a6122a14b","22526609","1766411005","2025-12-22 13:43:25","0xaaafcc120f19f565c3d799c2e7e66a807a4d3add","0x78dd09e369f35d033a1d4ec1df39bc8a51c8b6fd","","0","0","0","0.000014186865","0.000336882421303747","24.87","","","Add Collateral"
"0x79a932423f5e19af4e92f4c6c8ea180b5fefa20e1993f2a0ab5e5d2bd874b738","22526658","1766411053","2025-12-22 13:44:13","0xaaafcc120f19f565c3d799c2e7e66a807a4d3add","0x78dd09e369f35d033a1d4ec1df39bc8a51c8b6fd","","0","0","0","0.000022537699019","0.000535181988137323","24.87","","","Borrow Asset"
"0x09f478818786c9c52e1eac082c13e97a666b515da9b654af75f27c958a69f86a","22527447","1766411829","2025-12-22 13:57:09","0x17594526476d84b693439fc4d338c8af205b2c3c","0x78dd09e369f35d033a1d4ec1df39bc8a51c8b6fd","","0","0","0","0.0000135113","0.000320840401241664","24.87","","","Add Collateral"
"0x988b39c579de7b8d8f86a70c6a8eb9be367116e5f50f7774f1731763f7ac41cc","22528965","1766413322","2025-12-22 14:22:02","0x39260b9be6b55b18505c6dd098d7fe0bb8622101","0x78dd09e369f35d033a1d4ec1df39bc8a51c8b6fd","","0","0","0","0.0000389269152","0.000924361615230823","24.87","","","Remove Collateral"
"0xc24a21a6c5e819573145aa49110462455f26c84cfedd9de5fd118828e2ffd3bc","22534718","1766418981","2025-12-22 15:56:21","0x785feab33ecb42190abfbc0a1a8aac2d8b686703","0x78dd09e369f35d033a1d4ec1df39bc8a51c8b6fd","","0","0","0","0.000192965010396356","0.00458216243893398","24.87","","","Add Collateral"
"0xe4693379308eac72c33d57f19b3acffe9157ef5e248875b07994773a4295b7be","22539234","1766423423","2025-12-22 17:10:23","0xd08c24c1737ee0bffff6aeab08d04a2551713055","0x78dd09e369f35d033a1d4ec1df39bc8a51c8b6fd","","0","0","0","0.000062823917621289","0.00149182172975121","24.87","","","Add Collateral"
"0xb7b18781fc2a6411be702ef709a97bcff5a4771e1cd0f730fe31e0224883f9fd","22541154","1766425312","2025-12-22 17:41:52","0x6b1769815ab6556959999272cde36c6062f3a3d8","0x78dd09e369f35d033a1d4ec1df39bc8a51c8b6fd","","0","0","0","0.00001156345192","0.000274586646270269","24.87","","","Repay Asset"
"0x6dd8c1193249a11bfd2aa1535a9381841285b28325665b5c0b3cd205b4b9ea2c","22541430","1766425583","2025-12-22 17:46:23","0x6b1769815ab6556959999272cde36c6062f3a3d8","0x78dd09e369f35d033a1d4ec1df39bc8a51c8b6fd","","0","0","0","0.00001379738582","0.000327633817809895","24.87","","","Repay Asset"
"0x90e5bc554a603e92b907d7e2841ad8a96e5931e66ff37aa70fd322cc27702175","22541461","1766425614","2025-12-22 17:46:54","0x6b1769815ab6556959999272cde36c6062f3a3d8","0x78dd09e369f35d033a1d4ec1df39bc8a51c8b6fd","","0","0","0","0.000019427451","0.0004613257920365","24.87","Error(0)","execution reverted","Remove Collateral"
"0x943f0dc3cdeb08db10e89410130800f26cbdffc8e17c3f0448a1731b11b77378","22541507","1766425659","2025-12-22 17:47:39","0x6b1769815ab6556959999272cde36c6062f3a3d8","0x78dd09e369f35d033a1d4ec1df39bc8a51c8b6fd","","0","0","0","0.000019031228","0.000451917049258146","24.87","","","Remove Collateral"
"0xc9813be003580b5dd462ee20e4150acb6d7f00ed964e4c5efafb12cb95055a8e","22544174","1766428282","2025-12-22 18:31:22","0x9751ee0e42408e7f7a8fa4fe083c222608c4f62a","0x78dd09e369f35d033a1d4ec1df39bc8a51c8b6fd","","0","0","0","0.000011215397992","0.000266321730095419","24.87","","","Repay Asset"
"0xd51f7296f0dd65e6a2685278eb303eccfb892e434ce140d0047840e0e914b584","22544309","1766428415","2025-12-22 18:33:35","0xdf3e6fe0808bdfb3e8de36824f4ed28980263667","0x78dd09e369f35d033a1d4ec1df39bc8a51c8b6fd","","0","0","0","0.0000181199","0.000430276582302134","24.87","","","Borrow Asset"
"0x24b532b7525ce7d64263b104b7a6766bd25a669429478dfe9d93868137712bc3","22545214","1766429305","2025-12-22 18:48:25","0xeef1b2fa1743e9215e1d8881d52b886618453c5e","0x78dd09e369f35d033a1d4ec1df39bc8a51c8b6fd","","0","0","0","0.0000117337","0.000278629370678566","24.87","","","Repay Asset"
"0x3be395d1169458ea0d89f3f9510faa41a96c20b06bb42934be11b30d6deaa701","22545910","1766429990","2025-12-22 18:59:50","0xdf3e6fe0808bdfb3e8de36824f4ed28980263667","0x78dd09e369f35d033a1d4ec1df39bc8a51c8b6fd","","0","0","0","0.0000118013","0.000280234605639224","24.87","","","Add Collateral"
"0xce85df23d3b0250ffc41de40a4d11f965fec531bc63b9a14db41b8562e88ffc8","22548793","1766432825","2025-12-22 19:47:05","0xa02174ef53ec8037b8c965c535e69acf5a6896e5","0x78dd09e369f35d033a1d4ec1df39bc8a51c8b6fd","","0","0","0","0.000352098764947584","0.00836096519376204","24.87","","","Add Collateral"
"0x6ee9b5099b6d486e813e345453724136110d52c7f7d6b309a3a5039624d59882","22553180","1766437140","2025-12-22 20:59:00","0xdbf2a43a9f324f3b97d7dd1b4e57b64c9c5e41b5","0x78dd09e369f35d033a1d4ec1df39bc8a51c8b6fd","","0","0","0","0.000261162769","0.00620159182279603","24.87","","","Add Collateral"
"0x9a29621892c1c919f22ba225c889a1ad27f385876ece95bcac429813a35facb4","22553355","1766437313","2025-12-22 21:01:53","0x53d6666ca0711ff99b86ac488a89990c895cba45","0x78dd09e369f35d033a1d4ec1df39bc8a51c8b6fd","","0","0","0","0.000263582051","0.00625904028501629","24.87","","","Add Collateral"
"0x19acbdaccae1349f1dff751c5aef4ff6a3c733629b628db27a53257395bbb575","22553455","1766437411","2025-12-22 21:03:31","0x53d6666ca0711ff99b86ac488a89990c895cba45","0x78dd09e369f35d033a1d4ec1df39bc8a51c8b6fd","","0","0","0","0.0001852198867","0.00439824611745454","24.87","","","Borrow Asset"
"0x4390ac1cb6305def09fb59adac8fd462e1f27e9712ae4d64bfee4aec0ef2ba3b","22554064","1766438010","2025-12-22 21:13:30","0x605572243c30af7493707c9c8e8aa2ee25537e9a","0x78dd09e369f35d033a1d4ec1df39bc8a51c8b6fd","","0","0","0","0.0000128004","0.000303959313467527","24.87","","","Repay Asset"
"0xa8455c82ed7eb56c0116e08c9c294e2476cabc2df4bab9ce7d31b8687d152d07","22554106","1766438051","2025-12-22 21:14:11","0x605572243c30af7493707c9c8e8aa2ee25537e9a","0x78dd09e369f35d033a1d4ec1df39bc8a51c8b6fd","","0","0","0","0.0000189240504","0.000449372001469397","24.87","","","Remove Collateral"
"0x3bb60aa073516abf1d9b3f6461e401a83e9e54a31b8ebce43e020a9d2364df9a","22563783","1766447570","2025-12-22 23:52:50","0xdf3e6fe0808bdfb3e8de36824f4ed28980263667","0x78dd09e369f35d033a1d4ec1df39bc8a51c8b6fd","","0","0","0","0.0000186799","0.00044357438670995","24.87","","","Borrow Asset"
"0xeb2de172aeaa66ade8b28d2a7e5b7730a14b287d497b54f245bf52dc2fa9de3a","22579105","1766462640","2025-12-23 04:04:00","0x3e7013ca48801abcabdb4bb97e0078fecaca0d8e","0x78dd09e369f35d033a1d4ec1df39bc8a51c8b6fd","","0","0","0","0.00001264697076","0.000300315970567598","23.94","","","Remove Collateral"
"0x44d9673b1420772c34f873d8bdd058e53b3b33df7601b7e753901f2ea8d2a318","22582441","1766465922","2025-12-23 04:58:42","0x9e3d5edb35aa28cc0e52a5a0af93f32d4d8e446e","0x78dd09e369f35d033a1d4ec1df39bc8a51c8b6fd","","0","0","0","0.00001660332","0.000394263753357837","23.94","","","Add Collateral"
"0x606c88729998433422ce7ee28b810be3d20e851ecf354261d99c3c56e82b3f6f","22582468","1766465948","2025-12-23 04:59:08","0x9e3d5edb35aa28cc0e52a5a0af93f32d4d8e446e","0x78dd09e369f35d033a1d4ec1df39bc8a51c8b6fd","","0","0","0","0.00002651844","0.000629708979143605","23.94","","","Borrow Asset"
"0x27360dc4aae4ccdeba88ffed00348f7ed6f837b3dc4ce15e43327bafe71ec6c8","22582618","1766466096","2025-12-23 05:01:36","0x9e3d5edb35aa28cc0e52a5a0af93f32d4d8e446e","0x78dd09e369f35d033a1d4ec1df39bc8a51c8b6fd","","0","0","0","0.000012247361","0.000290826805517715","23.94","","","Add Collateral"
"0xb741fb6f831ec52f85850ffc1ccaad06c895ef992c598c839059f9e55408932d","22582648","1766466125","2025-12-23 05:02:05","0x9e3d5edb35aa28cc0e52a5a0af93f32d4d8e446e","0x78dd09e369f35d033a1d4ec1df39bc8a51c8b6fd","","0","0","0","0.00002379444","0.000565024659131297","23.94","","","Borrow Asset"
"0xb77eba20fc4f565d07ad839a5113118841d27ba581db176f4be704a1d541ce0b","22582950","1766466422","2025-12-23 05:07:02","0x9e3d5edb35aa28cc0e52a5a0af93f32d4d8e446e","0x78dd09e369f35d033a1d4ec1df39bc8a51c8b6fd","","0","0","0","0.0000137873757","0.000327396116706576","23.94","","","Add Collateral"
"0x33314a9a46fe6761d8e0084feaa6a286cf4c19fdabb50a4f38544d3e546a666b","22583101","1766466571","2025-12-23 05:09:31","0x9e3d5edb35aa28cc0e52a5a0af93f32d4d8e446e","0x78dd09e369f35d033a1d4ec1df39bc8a51c8b6fd","","0","0","0","0.000021705610241","0.000515423142030567","23.94","","","Borrow Asset"
"0xf276f965470a822858c1947c8e6288a2959022d0b0dd4dc283275c6ccd5081c9","22583240","1766466708","2025-12-23 05:11:48","0x9e3d5edb35aa28cc0e52a5a0af93f32d4d8e446e","0x78dd09e369f35d033a1d4ec1df39bc8a51c8b6fd","","0","0","0","0.0000138358801","0.000328547906035359","23.94","","","Add Collateral"
"0x78ec0b2f4b8058520c088cc464e5277a5e8fb427f33e174589bc27d3c4bd6d74","22583693","1766467153","2025-12-23 05:19:13","0x9e3d5edb35aa28cc0e52a5a0af93f32d4d8e446e","0x78dd09e369f35d033a1d4ec1df39bc8a51c8b6fd","","0","0","0","0.00002356188718","0.000559502441426215","23.94","","","Borrow Asset"
"0x06244376e4df60b94772491022c24bd8842ec2d92da944f0d3dea12dec0f26b2","22583830","1766467288","2025-12-23 05:21:28","0x9e3d5edb35aa28cc0e52a5a0af93f32d4d8e446e","0x78dd09e369f35d033a1d4ec1df39bc8a51c8b6fd","","0","0","0","0.000015157625","0.000359934165244697","23.94","","","Add Collateral"
"0xb11e1ac914dcb68e0309c944bacf90d740173bfc5d25705842510abc1f99580e","22614291","1766497250","2025-12-23 13:40:50","0x47930c76790c865217472f2ddb4d14c640ee450a","0x78dd09e369f35d033a1d4ec1df39bc8a51c8b6fd","","0","0","0","0.000825613897150702","0.0196050930726521","23.94","Error(0)","execution reverted","Add Collateral"
"0xf0502511a8a65039a54b0e3710b6802edf06dd5239206fee712d1e96393533d8","22614310","1766497268","2025-12-23 13:41:08","0x47930c76790c865217472f2ddb4d14c640ee450a","0x78dd09e369f35d033a1d4ec1df39bc8a51c8b6fd","","0","0","0","0.000558618264020707","0.013264993595681","23.94","Error(0)","execution reverted","Add Collateral"
"0x5cdd2ac16a481e37c8865fd1f53ce7cbfd77e1e1c09e744c59892947faf35506","22616123","1766499052","2025-12-23 14:10:52","0x996f79aa44630200912ab144b97c93e5365a4bd9","0x78dd09e369f35d033a1d4ec1df39bc8a51c8b6fd","","0","0","0","0.000241965891","0.00574574123550189","23.94","","","Add Collateral"
"0xea827a2600f605b30a166df3e59924c562640314f2ac68992b09ebfacbe9e7b4","22623156","1766505969","2025-12-23 16:06:09","0xcb4bc020e9c24423b530e29e87499b280a1f9f4a","0x78dd09e369f35d033a1d4ec1df39bc8a51c8b6fd","","0","0","0","0.000369669168","0.00877819337797192","23.94","","","Add Collateral"
"0x12a79313031e8ebaa3a3a9f8ab9e94e716aea07f82d126fb17de73cd9f7d8292","22623279","1766506090","2025-12-23 16:08:10","0xcb4bc020e9c24423b530e29e87499b280a1f9f4a","0x78dd09e369f35d033a1d4ec1df39bc8a51c8b6fd","","0","0","0","0.00001507392","0.000357946499676918","23.94","","","Remove Collateral"
"0xf584f4bd388a2a9a983193f1f8bce456b518a69a5c0ad82ab2993bfc0968a3be","22623342","1766506152","2025-12-23 16:09:12","0xcb4bc020e9c24423b530e29e87499b280a1f9f4a","0x78dd09e369f35d033a1d4ec1df39bc8a51c8b6fd","","0","0","0","0.000011919313","0.000283036951695616","23.94","","","Add Collateral"
"0x59727b79804db56e630b98b87b6662a93f5e7fe01ed8c8581daa6594275c8cea","22624662","1766507451","2025-12-23 16:30:51","0xcb4bc020e9c24423b530e29e87499b280a1f9f4a","0x78dd09e369f35d033a1d4ec1df39bc8a51c8b6fd","","0","0","0","0.0000412921854","0.000980527508965175","23.94","","","Deposit"
"0xcba5d9a306e9da613fa9a32134789e7550be9223ff0aa79ece4d04f6816c20fe","22626075","1766508840","2025-12-23 16:54:00","0xdbf2a43a9f324f3b97d7dd1b4e57b64c9c5e41b5","0x78dd09e369f35d033a1d4ec1df39bc8a51c8b6fd","","0","0","0","0.000608194921","0.014442244823724","23.94","","","Borrow Asset"
"0x3b91e52e5910f09c9ebcc36b11e69e49f61f47142764a2e4043e8b37165b399e","22648210","1766530613","2025-12-23 22:56:53","0x122801263e9456b9435213e0174063c8e92e23e0","0x78dd09e369f35d033a1d4ec1df39bc8a51c8b6fd","","0","0","0","0.0000169234631","0.00040186589679768","23.94","","","Deposit"
"0x20aa0350f649339e4145729bab655176e88b93e4ce36b57edf714bb88d7845da","22649286","1766531671","2025-12-23 23:14:31","0x707da47b391c0e883dec5d4399238daa99fa59d9","0x78dd09e369f35d033a1d4ec1df39bc8a51c8b6fd","","0","0","0","0.00159095959","0.0377790525867143","23.94","","","Deposit"
"0x61ca81d97a70ba0c008ab4434f90aaaed837460ecdf8a663ee518f7ac693e55e","22649315","1766531700","2025-12-23 23:15:00","0x707da47b391c0e883dec5d4399238daa99fa59d9","0x78dd09e369f35d033a1d4ec1df39bc8a51c8b6fd","","0","0","0","0.000994758643","0.0236216176207125","23.94","","","Add Collateral"
"0x102531771258d34c522f1f80ee2b30f7395ec2ce868d5ac7520dca49045cecfd","22649352","1766531736","2025-12-23 23:15:36","0x707da47b391c0e883dec5d4399238daa99fa59d9","0x78dd09e369f35d033a1d4ec1df39bc8a51c8b6fd","","0","0","0","0.0001080575","0.00256594196392435","23.94","","","Borrow Asset"
"0x04871dd807553394969ebe6cf5a72f3933401c7f96e6d2d648fccc68e16d5911","22651551","1766533899","2025-12-23 23:51:39","0x707da47b391c0e883dec5d4399238daa99fa59d9","0x78dd09e369f35d033a1d4ec1df39bc8a51c8b6fd","","0","0","0","0.000128261","0.00304569587705528","23.94","","","Deposit"
"0xa89960212c5f9fb525779972f3203dda8607882a209ce02e44781a7800a77df8","22651631","1766533978","2025-12-23 23:52:58","0x707da47b391c0e883dec5d4399238daa99fa59d9","0x78dd09e369f35d033a1d4ec1df39bc8a51c8b6fd","","0","0","0","0.0000662538","0.00157326798870464","23.94","","","Deposit"
"0x10421f0129de2680d2d4edf311fe30d1a6f68608f2e724768a31e1a0ae22333a","22651650","1766533996","2025-12-23 23:53:16","0x707da47b391c0e883dec5d4399238daa99fa59d9","0x78dd09e369f35d033a1d4ec1df39bc8a51c8b6fd","","0","0","0","0.0000586895","0.00139364552105812","23.94","","","Add Collateral"
"0xb366093a392c18192d049f4bf92ae433eacfa79fb6f66bec0a170c360b268689","22651682","1766534028","2025-12-23 23:53:48","0x707da47b391c0e883dec5d4399238daa99fa59d9","0x78dd09e369f35d033a1d4ec1df39bc8a51c8b6fd","","0","0","0","0.000316264","0.00751003002363159","23.94","","","Borrow Asset"
"0x7805b007dc5aaec106c255e4edc664157c71661afd38f7540bc81fc8c7c9c2a5","22651710","1766534055","2025-12-23 23:54:15","0x707da47b391c0e883dec5d4399238daa99fa59d9","0x78dd09e369f35d033a1d4ec1df39bc8a51c8b6fd","","0","0","0","0.0003014986","0.00715940966434021","23.94","","","Deposit"
"0xeeed4258ebfc07daabd61c548a997561319bbdd910ab3d514bc3b1b3b5e89b2a","22651753","1766534098","2025-12-23 23:54:58","0x707da47b391c0e883dec5d4399238daa99fa59d9","0x78dd09e369f35d033a1d4ec1df39bc8a51c8b6fd","","0","0","0","0.000256198508","0.00608371008742575","23.94","","","Remove Collateral"
"0x0107493076e6ecf2c4d05948436c14e94b5f57fb26d3177e88ca5c6c3adbb7cc","22651857","1766534200","2025-12-23 23:56:40","0x707da47b391c0e883dec5d4399238daa99fa59d9","0x78dd09e369f35d033a1d4ec1df39bc8a51c8b6fd","","0","0","0","0.000507407208","0.0120489317983934","23.94","","","Repay Asset"
"0x5ab1633daa0073411c722cf1ab4ab86a4d6a4260b624d663c0f7d6361fe80b2d","22653881","1766536191","2025-12-24 00:29:51","0x707da47b391c0e883dec5d4399238daa99fa59d9","0x78dd09e369f35d033a1d4ec1df39bc8a51c8b6fd","","0","0","0","0.00192078788","0.0456111813163296","25.18","","","Repay Asset"
"0xbf288836a270cd30d0dda73ce8e6db50c0ec5fdeb56bbd43bcf631b045a999b9","22661819","1766543999","2025-12-24 02:39:59","0x707da47b391c0e883dec5d4399238daa99fa59d9","0x78dd09e369f35d033a1d4ec1df39bc8a51c8b6fd","","0","0","0","0.003572138664816595","0.0848242880041607","25.18","","","Withdraw"
"0x07da3b626200268936ed330211fa51a37f9d7a590dab32892f074f2b222a154a","22682493","1766564334","2025-12-24 08:18:54","0xc4a29db0c6caef72883a9daad1aca2616a248aa5","0x78dd09e369f35d033a1d4ec1df39bc8a51c8b6fd","","0","0","0","0.000062995705038936","0.00149590100739335","25.18","","","Remove Collateral"
"0xcf57ef06e27983e376e0e18bb4b9e4e97dfef0fc5d55b5771e691a1249cd0928","22682927","1766564760","2025-12-24 08:26:00","0xdbf2a43a9f324f3b97d7dd1b4e57b64c9c5e41b5","0x78dd09e369f35d033a1d4ec1df39bc8a51c8b6fd","","0","0","0","0.0000706017106","0.00167651381860012","25.18","","","Repay Asset"
"0x19b50874cf5f553d4158731f1cded6f3364c0f3a16af8ff635bfb437b5baab9a","22690308","1766572020","2025-12-24 10:27:00","0xdbf2a43a9f324f3b97d7dd1b4e57b64c9c5e41b5","0x78dd09e369f35d033a1d4ec1df39bc8a51c8b6fd","","0","0","0","0.000137498296","0.00326504544038583","25.18","","","Remove Collateral"
"0x0b712ffcc382e85babcb067fb77a901c473d35c9594e53e2ebdc1e0ec7137f51","22691101","1766572800","2025-12-24 10:40:00","0xdbf2a43a9f324f3b97d7dd1b4e57b64c9c5e41b5","0x78dd09e369f35d033a1d4ec1df39bc8a51c8b6fd","","0","0","0","0.00002653355072","0.000630067799499","25.18","","","Remove Collateral"
"0x92cc0283ccb8f2bcb247f89ec0e28e1321725a9b5f9eee573f519e0ba7870500","22698722","1766580297","2025-12-24 12:44:57","0xefc5ff84594ebf147dceaeb5c41079672cf0d85c","0x78dd09e369f35d033a1d4ec1df39bc8a51c8b6fd","","0","0","0","0.000013845300138453","0.00032877159501547","25.18","","","Add Collateral"
"0x0f36a6d9357bc05a99bcf79c2cd66bf40b211e73be7f345544016a17d94b36b6","22698868","1766580440","2025-12-24 12:47:20","0x7cda4b76a23765abf123929af2a8c8ca9c4d76de","0x78dd09e369f35d033a1d4ec1df39bc8a51c8b6fd","","0","0","0","0.000031144428","0.000739558057030938","25.18","Error(0)","execution reverted","Add Collateral"
"0x63cca960ed592c0193d109340d6194092a5a099f7797ad4d825f11084f7cdcca","22698926","1766580497","2025-12-24 12:48:17","0x7cda4b76a23765abf123929af2a8c8ca9c4d76de","0x78dd09e369f35d033a1d4ec1df39bc8a51c8b6fd","","0","0","0","0.0000166158","0.000394560104427497","25.18","","","Add Collateral"
"0x326d2d60a405ad9d7f86f6007b33c4c5cf364c1d2af20baf610b359d77f33d17","22699580","1766581140","2025-12-24 12:59:00","0xdbf2a43a9f324f3b97d7dd1b4e57b64c9c5e41b5","0x78dd09e369f35d033a1d4ec1df39bc8a51c8b6fd","","0","0","0","0.0000415611495","0.00098691435181254","25.18","","","Add Collateral"
"0x7725cf112161c2c38b9b6e7003f42f971d96ebd6daedcad45ebbac885ddded46","22700239","1766581789","2025-12-24 13:09:49","0xefc5ff84594ebf147dceaeb5c41079672cf0d85c","0x78dd09e369f35d033a1d4ec1df39bc8a51c8b6fd","","0","0","0","0.0000156850623","0.000372458733196102","25.18","","","Deposit"
"0x649a382b046438eebbb017f463fa1ace25f0d5df5a72127c98440bb83bc881ba","22700448","1766581994","2025-12-24 13:13:14","0xefc5ff84594ebf147dceaeb5c41079672cf0d85c","0x78dd09e369f35d033a1d4ec1df39bc8a51c8b6fd","","0","0","0","0.000032403344","0.000769452376198564","25.18","","","Remove Collateral"
"0xe50421e64d53af0b99933dc5e58127157135e1cfec0ac369f996b51ad84f403c","22700614","1766582158","2025-12-24 13:15:58","0x7cda4b76a23765abf123929af2a8c8ca9c4d76de","0x78dd09e369f35d033a1d4ec1df39bc8a51c8b6fd","","0","0","0","0.00011221376","0.00266463684347441","25.18","","","Remove Collateral"
"0xfaa8a39f53917d22932f1ff0e029b233d2c485f1691deda7ebec11ed7f254c32","22723739","1766604903","2025-12-24 19:35:03","0x017e663fa6990c57af5ecb268dca2beeded085be","0x78dd09e369f35d033a1d4ec1df39bc8a51c8b6fd","","0","0","0","0.000012823700128237","0.000304512600160335","25.18","","","Deposit"
"0x72ffbf832089e9d64fe97378ba3fc2174f17d526bbe5e8e172c180ed985970d6","22724096","1766605255","2025-12-24 19:40:55","0xb9de0e60dfaaf1b2ab37f9a1ababd6b43e411a89","0x78dd09e369f35d033a1d4ec1df39bc8a51c8b6fd","","0","0","0","0.000161223472762429","0.00382842536918521","25.18","","","Deposit"
"0x532361b1d1faa550b5b01e257060b429dec4c333182a7f34925417938fd16f14","22725121","1766606263","2025-12-24 19:57:43","0x017e663fa6990c57af5ecb268dca2beeded085be","0x78dd09e369f35d033a1d4ec1df39bc8a51c8b6fd","","0","0","0","0.000011099900110999","0.000263579108254225","25.18","","","Deposit"
"0x14532fbdae2b73b23ad75cf37eff3e9b3317f9567908c0f40c9e6e2a13379a4c","22740865","1766621749","2025-12-25 00:15:49","0x017e663fa6990c57af5ecb268dca2beeded085be","0x78dd09e369f35d033a1d4ec1df39bc8a51c8b6fd","","0","0","0","0.000014428300144283","0.000342615559385619","24.36","","","Withdraw"
"0xb30dda695b98a8fe1032975062a9f250ba68cbe97f95ab5faa103e1bd2fb17f5","22758545","1766639139","2025-12-25 05:05:39","0x47930c76790c865217472f2ddb4d14c640ee450a","0x78dd09e369f35d033a1d4ec1df39bc8a51c8b6fd","","0","0","0","0.0000478719976","0.00113677225124333","24.36","","","Add Collateral"
"0x2610872fa84b8df51b1af1f6150fccd6c050275346e3d986278bfda5e49b53ef","22776867","1766657160","2025-12-25 10:06:00","0xdbf2a43a9f324f3b97d7dd1b4e57b64c9c5e41b5","0x78dd09e369f35d033a1d4ec1df39bc8a51c8b6fd","","0","0","0","0.0000957184238","0.00227293728199445","24.36","","","Add Collateral"
"0x8ef82232d1f9ea565249de6bd585deb9ed190c94c4b1fe2a0d55458ca012067d","22814690","1766694363","2025-12-25 20:26:03","0xd1f1b00a303e407ce08fb91a07f1c5fe39adfcfa","0x78dd09e369f35d033a1d4ec1df39bc8a51c8b6fd","","0","0","0","0.000043325644","0.00102881417813338","24.36","","","Add Collateral"
"0xf5a23f30784579b0e96f5aec71fa9ede1a70090f26a89bce710090c3feccaff8","22844267","1766723456","2025-12-26 04:30:56","0xd2ab96209d697e99b8f1f141a6dd7ad32cbc5566","0x78dd09e369f35d033a1d4ec1df39bc8a51c8b6fd","","0","0","0","0.0001134157599","0.00269317962841801","25.79","","","Add Collateral"
"0xb86ceb1b0eccbee864a87649813360df16e7dd59f234a4c631844fe69fd7d075","22861962","1766740860","2025-12-26 09:21:00","0xdbf2a43a9f324f3b97d7dd1b4e57b64c9c5e41b5","0x78dd09e369f35d033a1d4ec1df39bc8a51c8b6fd","","0","0","0","0.0001415604","0.00336150448409334","25.79","","","Add Collateral"
"0x4a15bb3b68b37410cf2b20d0da64f6cf6c722e3fbd6ba7da5da13abf25b5f3cd","22865200","1766744045","2025-12-26 10:14:05","0x9041538cf2d6dc9cdee8b60773ca36f6a12e7b6d","0x78dd09e369f35d033a1d4ec1df39bc8a51c8b6fd","","0","0","0","0.000016719205568","0.000397015581245252","25.79","","","Remove Collateral"
"0xb06359c3bda2bd14f7a4cfcb2644eaf0d56a35c047735822c13e4bf04a590195","22874049","1766752749","2025-12-26 12:39:09","0x75496e6ba1908eec8ef32d7fb8f38f791bf86c29","0x78dd09e369f35d033a1d4ec1df39bc8a51c8b6fd","","0","0","0","0.00006546780724726","0.0015546037424691","25.79","","","Remove Collateral"
"0x57f32013d528241824bb20d8597b22d163260f052659db60a7c1c6143e1a31e8","22892417","1766770816","2025-12-26 17:40:16","0x6576879723f1f0d410cfe946768df59bfee1a753","0x78dd09e369f35d033a1d4ec1df39bc8a51c8b6fd","","0","0","0","0.000298841612","0.00709631661659393","25.79","","","Deposit"
"0x9b9ae248de8ac0b0635467a92b110354822843238fa382c72dfa6823b751a9d1","22892422","1766770821","2025-12-26 17:40:21","0x6576879723f1f0d410cfe946768df59bfee1a753","0x78dd09e369f35d033a1d4ec1df39bc8a51c8b6fd","","0","0","0","0.0003306758","0.00785225376928261","25.79","","","Withdraw"
"0xb4c58d7e6426372873a27d871f196cb02ff2815783abec2660a4588294b51885","22892450","1766770849","2025-12-26 17:40:49","0x6576879723f1f0d410cfe946768df59bfee1a753","0x78dd09e369f35d033a1d4ec1df39bc8a51c8b6fd","","0","0","0","0.000432956439","0.0102810179337978","25.79","","","Withdraw"
"0x19c0e3b3be54f3a28c9a1bfe3ed7c5775949e2f9776844d85ff890661457e8ea","22893728","1766772106","2025-12-26 18:01:46","0xc1269b5614c6f5cc50affa5e62d403622c6cdb3f","0x78dd09e369f35d033a1d4ec1df39bc8a51c8b6fd","","0","0","0","0.0000682776105","0.00162132555332514","25.79","Error(0)","execution reverted","Add Collateral"
"0x2484e9279399eb3853e7bdc9aea814c6d3edb0c0b0f3e68d00bbe988286be290","22893759","1766772136","2025-12-26 18:02:16","0xc1269b5614c6f5cc50affa5e62d403622c6cdb3f","0x78dd09e369f35d033a1d4ec1df39bc8a51c8b6fd","","0","0","0","0.0000740950727","0.00175946747204919","25.79","","","Add Collateral"
"0xfdf10b5a0f13541100f60f5705a17457ea329035c2e821e2ea8cca897adf3f92","22896102","1766774441","2025-12-26 18:40:41","0x707da47b391c0e883dec5d4399238daa99fa59d9","0x78dd09e369f35d033a1d4ec1df39bc8a51c8b6fd","","0","0","0","0.000244638","0.00580919334771326","25.79","","","Borrow Asset"
"0x04e96e99385d6462aa11ee21503fbba5fca66cb79921dc3bf31c5b90c36223e7","22896637","1766774967","2025-12-26 18:49:27","0xb584bf4b1d1419bc24f24ac90028a72695d6224a","0x78dd09e369f35d033a1d4ec1df39bc8a51c8b6fd","","0","0","0","0.0000676025","0.0016052943258561","25.79","","","Add Collateral"
"0x5967d410b9c468833c51d625c45b8b8964d3c6a6fb1cb3a992c7a653bce43efa","22896677","1766775006","2025-12-26 18:50:06","0xb584bf4b1d1419bc24f24ac90028a72695d6224a","0x78dd09e369f35d033a1d4ec1df39bc8a51c8b6fd","","0","0","0","0.000316124745738076","0.00750672328088513","25.79","","","Remove Collateral"
"0x9937c7a20d32f7614b7a8ffab0094e2f97735c2794e1928fde225045eed73769","22898978","1766777270","2025-12-26 19:27:50","0x6f88069af4e009650f30e0a2197fd9466604aa6c","0x78dd09e369f35d033a1d4ec1df39bc8a51c8b6fd","","0","0","0","0.000013304900133049","0.000315939213633603","25.79","","","Deposit"
"0xdf78edfd6c1464bf937297645875eabf035900478fa45ad53cd429f8c1f0967b","22900284","1766778554","2025-12-26 19:49:14","0x6f88069af4e009650f30e0a2197fd9466604aa6c","0x78dd09e369f35d033a1d4ec1df39bc8a51c8b6fd","","0","0","0","0.000011114900111149","0.000263935299447282","25.79","","","Deposit"
"0x1f291978198af9625b76bfb9bee3acbc598a3cd8414f3c4c1d51c5f0e30a1bf6","22901755","1766780001","2025-12-26 20:13:21","0x6f88069af4e009650f30e0a2197fd9466604aa6c","0x78dd09e369f35d033a1d4ec1df39bc8a51c8b6fd","","0","0","0","0.000012732100127321","0.000302337459274733","25.79","","","Withdraw"
"0xb579c8d5c2c63afe6d51fc8ccf188c101019082fbfe6e99ce1e572b6a255ea14","22910616","1766788717","2025-12-26 22:38:37","0xf0394ffbe760c225dbc37695e870ee3db6eaee0b","0x78dd09e369f35d033a1d4ec1df39bc8a51c8b6fd","","0","0","0","0.00002839557","0.000674283456979399","25.79","","","Add Collateral"
"0x685bae8693d8ea366b1108fdb202a058d71942870e511c4385bb7faeeaa43b38","22911736","1766789819","2025-12-26 22:56:59","0xf0394ffbe760c225dbc37695e870ee3db6eaee0b","0x78dd09e369f35d033a1d4ec1df39bc8a51c8b6fd","","0","0","0","0.000082013678685389","0.0019475033177211","25.79","","","Deposit"
"0x2cb76cb9e305496ecc124105d8e1246d04b2bb9cf5c0500384a32be9cf6fed81","22912483","1766790553","2025-12-26 23:09:13","0xff2c7c7e10bbdd5024f924a2278ed6999b53c26e","0x78dd09e369f35d033a1d4ec1df39bc8a51c8b6fd","","0","0","0","0.000256754498","0.00609691267005558","25.79","","","Deposit"
"0xb4c631ed33de70390f45efe85c94ddcabd7ed43fabf63d258196269a9151db71","22912515","1766790585","2025-12-26 23:09:45","0xff2c7c7e10bbdd5024f924a2278ed6999b53c26e","0x78dd09e369f35d033a1d4ec1df39bc8a51c8b6fd","","0","0","0","0.000144722295","0.00343658709350058","25.79","Error(0)","execution reverted","Add Collateral"
"0xc74860b116f3484d55cd975624e95d85fe42b08ea6a2fb46673e64228cf3bd03","22912710","1766790777","2025-12-26 23:12:57","0xff2c7c7e10bbdd5024f924a2278ed6999b53c26e","0x78dd09e369f35d033a1d4ec1df39bc8a51c8b6fd","","0","0","0","0.0002889874","0.00686231771700615","25.79","","","Deposit"
"0x6b8d7193e756ccab74c2476fa76094f7f1094025bbeb889c0f2fbd1f06d7c1a3","22912873","1766790937","2025-12-26 23:15:37","0xff2c7c7e10bbdd5024f924a2278ed6999b53c26e","0x78dd09e369f35d033a1d4ec1df39bc8a51c8b6fd","","0","0","0","0.000327483","0.00777643728729462","25.79","Error(0)","execution reverted","Add Collateral"
"0xb42d8940d503ff09b6e8d12dabb28c0917c117597727fa491e8a377c3107f7bb","22912905","1766790968","2025-12-26 23:16:08","0xff2c7c7e10bbdd5024f924a2278ed6999b53c26e","0x78dd09e369f35d033a1d4ec1df39bc8a51c8b6fd","","0","0","0","0.00052328979","0.0124260808500489","25.79","","","Add Collateral"
"0x1f1b443165e396ca114b94dc58c7ad28f5c4ad060284ae3c36f916dac59eee75","22932524","1766810266","2025-12-27 04:37:46","0x6f88069af4e009650f30e0a2197fd9466604aa6c","0x78dd09e369f35d033a1d4ec1df39bc8a51c8b6fd","","0","0","0","0.00001333788","0.000316722356169514","26.00","","","Deposit"
"0x356e6705c7e234e94b2a7f61d7189ec573aa46300688517eb211ded772e19d74","22943519","1766821080","2025-12-27 07:38:00","0xb96ba0d4d55c95f0045eb29b04dd94df3bb1f4fc","0x78dd09e369f35d033a1d4ec1df39bc8a51c8b6fd","","0","0","0","0.000012824900128249","0.000304541095455779","26.00","","","Deposit"
"0x45df8bf71071d7153f6a682f68ae394f8ad880f7bf7fdf43d7b7b56655fb936c","22943580","1766821140","2025-12-27 07:39:00","0xb96ba0d4d55c95f0045eb29b04dd94df3bb1f4fc","0x78dd09e369f35d033a1d4ec1df39bc8a51c8b6fd","","0","0","0","0.00001040400010404","0.000247054211504334","26.00","Error(0)","execution reverted","Deposit"
"0xf0f56bd8dbdae05839d00cc5964fa2de88b0398ed9aa5bece7e2449a114b7f6e","22944879","1766822418","2025-12-27 08:00:18","0xef5419bc29bd38ba141df071ecdae2b915178b0d","0x78dd09e369f35d033a1d4ec1df39bc8a51c8b6fd","","0","0","0","0.00001539132","0.000365483505246634","26.00","","","Deposit"
"0xea31b94836e1c6ab659d63322d8427cc37720b62f011fce126abc5816675c7f7","22954682","1766832060","2025-12-27 10:41:00","0xdbf2a43a9f324f3b97d7dd1b4e57b64c9c5e41b5","0x78dd09e369f35d033a1d4ec1df39bc8a51c8b6fd","","0","0","0","0.000350208395","0.00831607631908099","26.00","","","Add Collateral"
"0xb13a28ce7cae32d3202f079f641c8167cc184d34a7deb4942e97e5daba1113ce","22956581","1766833928","2025-12-27 11:12:08","0x76e496a84a1d11558eea9cbafcd05702f037e127","0x78dd09e369f35d033a1d4ec1df39bc8a51c8b6fd","","0","0","0","0.0001321534073","0.00313812528946771","26.00","","","Deposit"
"0x91aa8ccd28a888a894c471810dbb9e10b717dfa70a2083eb957b0ee839e8b5d7","22965242","1766842447","2025-12-27 13:34:07","0x6f88069af4e009650f30e0a2197fd9466604aa6c","0x78dd09e369f35d033a1d4ec1df39bc8a51c8b6fd","","0","0","0","0.000015870770649321","0.00037686857838569","26.00","","","Withdraw"
"0x2a286114175fae08e6502daa096db826b2ffe624a0dc4be1fbdcf98f9a737a8f","22965319","1766842523","2025-12-27 13:35:23","0x6f88069af4e009650f30e0a2197fd9466604aa6c","0x78dd09e369f35d033a1d4ec1df39bc8a51c8b6fd","","0","0","0","0.000012717100127171","0.000301981268081677","26.00","","","Withdraw"
"0x622d651c58ffc4974bcf739bf7841b887a9de4a852d45b8462893462b89fef4a","22968120","1766845278","2025-12-27 14:21:18","0xef5419bc29bd38ba141df071ecdae2b915178b0d","0x78dd09e369f35d033a1d4ec1df39bc8a51c8b6fd","","0","0","0","0.00001691311915","0.000401620268540708","26.00","","","Withdraw"
"0xbc9d2e0e71d0c07b2d2cf21a5fbd41b9e6cc224abc1aeef439a306235ea63867","22968139","1766845297","2025-12-27 14:21:37","0xef5419bc29bd38ba141df071ecdae2b915178b0d","0x78dd09e369f35d033a1d4ec1df39bc8a51c8b6fd","","0","0","0","0.00001583813539","0.000376093618929888","26.00","","","Withdraw"
"0x92b1275a5387e46893524b0b9eef302daa5e2018900a22d4f708382c2da4b5de","22968245","1766845401","2025-12-27 14:23:21","0xef5419bc29bd38ba141df071ecdae2b915178b0d","0x78dd09e369f35d033a1d4ec1df39bc8a51c8b6fd","","0","0","0","0.00001224949852","0.00029087756323714","26.00","","","Withdraw"
"0x22f1fea9e3cd6e031279bb38e5085b5e22e8f0a6c329a3048b8d6d9ac6807940","22968340","1766845495","2025-12-27 14:24:55","0xef5419bc29bd38ba141df071ecdae2b915178b0d","0x78dd09e369f35d033a1d4ec1df39bc8a51c8b6fd","","0","0","0","0.000010538500105385","0.000250248059202078","26.00","","","Withdraw"
"0x53ea0ddb4e974f0c5b81556d021865c7d1f1d06b74d071de94996dae5adfd4a8","22971021","1766848132","2025-12-27 15:08:52","0x5fd5245b32d41132fadd4858ad7170fea744b693","0x78dd09e369f35d033a1d4ec1df39bc8a51c8b6fd","","0","0","0","0.0001971329990166","0.00468113582723043","26.00","","","Remove Collateral"
"0x1baa94f515c666723c53889ab5b9c3c48b8c72f4efae51b145022f0b4c7adc6b","22974944","1766851990","2025-12-27 16:13:10","0xe07c4c2a205e5f4550b20e3b5fdaaa3e819ff8a7","0x78dd09e369f35d033a1d4ec1df39bc8a51c8b6fd","","0","0","0","0.000012344900123449","0.000293142977277956","26.00","","","Deposit"
"0xc5da7f60e881d18208af07f1911515ba46afd7e2696c22dde910278dbc2a700b","22975737","1766852770","2025-12-27 16:26:10","0x6f88069af4e009650f30e0a2197fd9466604aa6c","0x78dd09e369f35d033a1d4ec1df39bc8a51c8b6fd","","0","0","0","0.000011578825070433","0.000274951698319537","26.00","","","Deposit"
"0xba2417bd8a8250b48bf29d6d00f74b7ac9ac094dc37e8351ed15a8249a49703d","22980241","1766857200","2025-12-27 17:40:00","0xdbf2a43a9f324f3b97d7dd1b4e57b64c9c5e41b5","0x78dd09e369f35d033a1d4ec1df39bc8a51c8b6fd","","0","0","0","0.000177186434","0.00420748311259017","26.00","","","Add Collateral"
"0xad7f1890a1b3c89a09ebf506118f262cd5bce9262d3126a7bcab3f191ff79f27","22985213","1766862091","2025-12-27 19:01:31","0x20d55e8541b5eb2bd12ce608debddf82bc48439e","0x78dd09e369f35d033a1d4ec1df39bc8a51c8b6fd","","0","0","0","0.0000165862276","0.000393857875872015","26.00","","","Add Collateral"
"0x3a9639ac95b6c4ef8e28cec8106d64b641a3a813a0f1acdc5db9700a66bbf7ea","22985257","1766862134","2025-12-27 19:02:14","0x20d55e8541b5eb2bd12ce608debddf82bc48439e","0x78dd09e369f35d033a1d4ec1df39bc8a51c8b6fd","","0","0","0","0.0000123597585","0.0002934958054658","26.00","Error(0)","execution reverted","Add Collateral"
"0x8ea6890a8ce77bccd3d13e49c9ada959ece356b83ae3514865ecf6d14a24abd7","22990117","1766866915","2025-12-27 20:21:55","0x6f88069af4e009650f30e0a2197fd9466604aa6c","0x78dd09e369f35d033a1d4ec1df39bc8a51c8b6fd","","0","0","0","0.000012717100127171","0.000301981268081677","26.00","","","Withdraw"
"0xe0b57a32f2a758f7a87d57669da951920fa22f810f19bb1b47e7f21e7e716d95","22994027","1766870760","2025-12-27 21:26:00","0x147f138fc56629622c77f0d6c126925d55e79ff2","0x78dd09e369f35d033a1d4ec1df39bc8a51c8b6fd","","0","0","0","0.00003010471928","0.000714869051317257","26.00","","","Add Collateral"
"0x4c1df96c5875fd84e5e07543c43e0c953288a5d49f5d468dd161a3f809c09370","22997675","1766874349","2025-12-27 22:25:49","0x6f88069af4e009650f30e0a2197fd9466604aa6c","0x78dd09e369f35d033a1d4ec1df39bc8a51c8b6fd","","0","0","0","0.000012718300127183","0.000302009763377121","26.00","","","Withdraw"
"0x9b62f67011d81b42d52c49ad48b317784d5e3261f1a915f9a3833f165673daa6","23004087","1766880657","2025-12-28 00:10:57","0x2d02ad955baa7b191f7a7eccb8ae6eab1dd8edaa","0x78dd09e369f35d033a1d4ec1df39bc8a51c8b6fd","","0","0","0","0.000013506700135067","0.000320731172484197","25.35","","","Add Collateral"
"0x1204f61fb01062c9e9669576ce97a071e0679b7199444b4a205d0b0b46adf9c0","23004680","1766881240","2025-12-28 00:20:40","0x2d02ad955baa7b191f7a7eccb8ae6eab1dd8edaa","0x78dd09e369f35d033a1d4ec1df39bc8a51c8b6fd","","0","0","0","0.00001207700012077","0.000286781402569958","25.35","","","Remove Collateral"
"0x8dfc28ab7e133bb389b6c5e188839b62fe82318c0e46dbf6b9cfbbb3593d93ea","23019309","1766895629","2025-12-28 04:20:29","0x33dafe137167f3531345c39850396867a4b38a41","0x78dd09e369f35d033a1d4ec1df39bc8a51c8b6fd","","0","0","0","0.0000158989432","0.000377537566008187","25.35","Error(0)","execution reverted","Add Collateral"
"0x88e198a0df7b473426f509b8fde5aac5fee0a90361ca776647bc8f90caef40f7","23019403","1766895721","2025-12-28 04:22:01","0x33dafe137167f3531345c39850396867a4b38a41","0x78dd09e369f35d033a1d4ec1df39bc8a51c8b6fd","","0","0","0","0.0000156074646","0.00037061609205843","25.35","","","Add Collateral"
"0x70eb472928fb6b62b42ee9baa936f6e1d0f260e79e07179e56bf4749ec633300","23020127","1766896434","2025-12-28 04:33:54","0x33dafe137167f3531345c39850396867a4b38a41","0x78dd09e369f35d033a1d4ec1df39bc8a51c8b6fd","","0","0","0","0.0000252314622","0.000599148302247887","25.35","","","Borrow Asset"
"0xe613ca8a72e8ce045960c7310723ccd16f358f1a5619bff7371f312f81ea4985","23043375","1766919300","2025-12-28 10:55:00","0xdbf2a43a9f324f3b97d7dd1b4e57b64c9c5e41b5","0x78dd09e369f35d033a1d4ec1df39bc8a51c8b6fd","","0","0","0","0.00003776307723","0.000896725026503233","25.35","","","Borrow Asset"
"0xc94025cecaf759bc6089812c11c62d4e66a08305836a57823cb5619e2c1c412a","23043548","1766919471","2025-12-28 10:57:51","0x3b3fbfe83563ed9f6955f45391d56cdc424621cd","0x78dd09e369f35d033a1d4ec1df39bc8a51c8b6fd","","0","0","0","0.000054750336","0.00130010582033971","25.35","Error(0)","execution reverted","Add Collateral"
"0xf7851a1f27326f3d2ba215b955dec544259368fd28efc8c8b2d1007611337fe5","23044065","1766919979","2025-12-28 11:06:19","0x3b3fbfe83563ed9f6955f45391d56cdc424621cd","0x78dd09e369f35d033a1d4ec1df39bc8a51c8b6fd","","0","0","0","0.00002026005","0.000481096753915328","25.35","","","Add Collateral"
"0x7d4546621224cbf54cb3518db9cff5c14485ddec51116156ebd2157bc7b7d793","23044215","1766920127","2025-12-28 11:08:47","0x3b3fbfe83563ed9f6955f45391d56cdc424621cd","0x78dd09e369f35d033a1d4ec1df39bc8a51c8b6fd","","0","0","0","0.0000173474028","0.000411932802532159","25.35","","","Remove Collateral"
"0x9abf2f5cfae24620c6b4cd80ef3a88c9a92e691f1fee150e49dde8e731a43910","23053928","1766929680","2025-12-28 13:48:00","0xb96ba0d4d55c95f0045eb29b04dd94df3bb1f4fc","0x78dd09e369f35d033a1d4ec1df39bc8a51c8b6fd","","0","0","0","0.0000110717958744","0.000262911742823288","25.35","","","Withdraw"
"0xbffbc92c0e1172153c320278eccd061e987d79fbfc354b371ad8f62a01703433","23055392","1766931120","2025-12-28 14:12:00","0xdbf2a43a9f324f3b97d7dd1b4e57b64c9c5e41b5","0x78dd09e369f35d033a1d4ec1df39bc8a51c8b6fd","","0","0","0","0.0000639177138","0.00151779510054856","25.35","","","Borrow Asset"
"0xab79805741ebcda2db94522ed3c998b66e4ef947a317d55f85256f2a78663779","23057485","1766933179","2025-12-28 14:46:19","0x6f88069af4e009650f30e0a2197fd9466604aa6c","0x78dd09e369f35d033a1d4ec1df39bc8a51c8b6fd","","0","0","0","0.0001400399","0.00332539857051819","25.35","","","Withdraw"
"0x4ad922f34de741ba0e4faa9e0c9c049260f0ce2d2ee0368f7bbc1fddcb5cff8c","23063627","1766939220","2025-12-28 16:27:00","0xdbf2a43a9f324f3b97d7dd1b4e57b64c9c5e41b5","0x78dd09e369f35d033a1d4ec1df39bc8a51c8b6fd","","0","0","0","0.000493550288","0.0117198842772241","25.35","","","Repay Asset"
"0x0354ae3b85977f2444e7c68d38399d562cda559be2f54143cf0006c7c91b4413","23071004","1766946477","2025-12-28 18:27:57","0x4ddc623c4d35a022cfc731f4e80f4ea0e80ea0a6","0x78dd09e369f35d033a1d4ec1df39bc8a51c8b6fd","","0","0","0","0.00228631655","0.0542910541004534","25.35","","","Add Collateral"
"0x8c3f96f2ee49c50a01e75a78aa7111650e08d42c67a5acb75f5da8b7554d76e2","23071193","1766946662","2025-12-28 18:31:02","0x4ddc623c4d35a022cfc731f4e80f4ea0e80ea0a6","0x78dd09e369f35d033a1d4ec1df39bc8a51c8b6fd","","0","0","0","0.0006166308","0.0146425638754204","25.35","","","Remove Collateral"
"0x0ed981fa17082f4b0296c939e7cf8bc5bb18d283e0454d48144b43607e241320","23071313","1766946780","2025-12-28 18:33:00","0xdbf2a43a9f324f3b97d7dd1b4e57b64c9c5e41b5","0x78dd09e369f35d033a1d4ec1df39bc8a51c8b6fd","","0","0","0","0.0002591316","0.00615335952265099","25.35","Error(0)","execution reverted","Repay Asset"
"0x6fbc7d147db623bcafc4e4bac4ba15a63f08660b940300df03559825e8de078d","23071374","1766946840","2025-12-28 18:34:00","0xdbf2a43a9f324f3b97d7dd1b4e57b64c9c5e41b5","0x78dd09e369f35d033a1d4ec1df39bc8a51c8b6fd","","0","0","0","0.0002900612","0.00688781625695814","25.35","","","Repay Asset"
"0xaae3ac17c90752cc9fd410f632138541236a347b670ecea93836c677e16d2537","23071437","1766946902","2025-12-28 18:35:02","0x4ddc623c4d35a022cfc731f4e80f4ea0e80ea0a6","0x78dd09e369f35d033a1d4ec1df39bc8a51c8b6fd","","0","0","0","0.000669399955","0.0158956244146271","25.35","","","Add Collateral"
"0x7008148cdd03893199f52132b23f38a153d3629616eb77145e22c2b96665196b","23071485","1766946950","2025-12-28 18:35:50","0x4ddc623c4d35a022cfc731f4e80f4ea0e80ea0a6","0x78dd09e369f35d033a1d4ec1df39bc8a51c8b6fd","","0","0","0","0.000579983161383093","0.0137723261426776","25.35","","","Borrow Asset"
"0xfb7b298f015b23f2aced14c1a49f8ef56912cf6f1206a320dc155cb530e92593","23071838","1766947297","2025-12-28 18:41:37","0x4ddc623c4d35a022cfc731f4e80f4ea0e80ea0a6","0x78dd09e369f35d033a1d4ec1df39bc8a51c8b6fd","","0","0","0","0.00006495775","0.00154249188262829","25.35","","","Add Collateral"
"0xb0069b457b55a8daa9cc67194707fe731004535b6530f2813fcc4e2e5f13b9de","23071880","1766947338","2025-12-28 18:42:18","0x4ddc623c4d35a022cfc731f4e80f4ea0e80ea0a6","0x78dd09e369f35d033a1d4ec1df39bc8a51c8b6fd","","0","0","0","0.000437622112205098","0.0103918093797124","25.35","","","Borrow Asset"
"0xda6f788aa275fe2d542b4d1368b41d91704e332ed84741070dbaff00cb84059c","23077352","1766952720","2025-12-28 20:12:00","0xdbf2a43a9f324f3b97d7dd1b4e57b64c9c5e41b5","0x78dd09e369f35d033a1d4ec1df39bc8a51c8b6fd","","0","0","0","0.0000989889626","0.00235059975569191","25.35","","","Repay Asset"
"0x59ae54615da1e6d3082e6ce5ca02a3e6a0a0075d46d754cfb723ef001625f8b9","23077590","1766952955","2025-12-28 20:15:55","0xfb805cae07533fc500a4e6b47eb83938c1b033d9","0x78dd09e369f35d033a1d4ec1df39bc8a51c8b6fd","","0","0","0","0.0001093576177","0.00259681466192746","25.35","","","Add Collateral"
"0xb8a5705a511a1566648f70ba60aa916c29dac8a2cd78e75c4e6571848ea3fda1","23092959","1766968072","2025-12-29 00:27:52","0x12864057c72ade54d2fc5c43b3604a615ce0dbd0","0x78dd09e369f35d033a1d4ec1df39bc8a51c8b6fd","","0","0","0","0.000295250933311789","0.00701105207572403","25.72","","","Deposit"
"0x521065857fd414461307f26d295a06dac975e9ba9c36ac765f428144fdeef8ef","23092984","1766968096","2025-12-29 00:28:16","0x12864057c72ade54d2fc5c43b3604a615ce0dbd0","0x78dd09e369f35d033a1d4ec1df39bc8a51c8b6fd","","0","0","0","0.000171917187243521","0.00408235916126128","25.72","","","Deposit"
"0xf1cee1540255074caad7229682d3c87af47943bb63d9aaf15bf3de1085b05c45","23117633","1766992341","2025-12-29 07:12:21","0xe07c4c2a205e5f4550b20e3b5fdaaa3e819ff8a7","0x78dd09e369f35d033a1d4ec1df39bc8a51c8b6fd","","0","0","0","0.000025925552078602","0.00061563021554627","25.72","","","Withdraw"
"0xe45fcdd17bf6b5478e2796be3c08d112c3a21969254ef8780e2e6e26d603deaf","23117666","1766992374","2025-12-29 07:12:54","0xe07c4c2a205e5f4550b20e3b5fdaaa3e819ff8a7","0x78dd09e369f35d033a1d4ec1df39bc8a51c8b6fd","","0","0","0","0.0000246419221","0.00058514903628295","25.72","","","Withdraw"
"0x0ab842174325df031a93dde5097bff28760137d2b6fbd1f1bd2ce7f36b61b529","23117684","1766992391","2025-12-29 07:13:11","0xe07c4c2a205e5f4550b20e3b5fdaaa3e819ff8a7","0x78dd09e369f35d033a1d4ec1df39bc8a51c8b6fd","","0","0","0","0.0000248909766","0.00059106310418989","25.72","","","Withdraw"
"0x8cd1a58644bb93c2791dee7c4e69efca8089b51cb8eccfa3cdea9059c8d52705","23117699","1766992406","2025-12-29 07:13:26","0xe07c4c2a205e5f4550b20e3b5fdaaa3e819ff8a7","0x78dd09e369f35d033a1d4ec1df39bc8a51c8b6fd","","0","0","0","0.0000237967278","0.000565078985411519","25.72","","","Withdraw"
"0x042b343ae152892f889e1587589499d415c922829bd30402e10ef5c2b36eb747","23135241","1767009660","2025-12-29 12:01:00","0xdbf2a43a9f324f3b97d7dd1b4e57b64c9c5e41b5","0x78dd09e369f35d033a1d4ec1df39bc8a51c8b6fd","","0","0","0","0.000660242127","0.0156781619047264","25.72","","","Borrow Asset"
"0x097072321bd4709bc0d3771c9736be81dc7d59089e7ba64c6d0daff18c6f282d","23138596","1767012960","2025-12-29 12:56:00","0xdbf2a43a9f324f3b97d7dd1b4e57b64c9c5e41b5","0x78dd09e369f35d033a1d4ec1df39bc8a51c8b6fd","","0","0","0","0.0000473107656","0.00112344519166581","25.72","","","Repay Asset"
"0x2c6c9af510abf6905d4ff045b43a9c6c4d8a8b93d3e3b93b1114143eb3d2d666","23143282","1767017570","2025-12-29 14:12:50","0xe07c4c2a205e5f4550b20e3b5fdaaa3e819ff8a7","0x78dd09e369f35d033a1d4ec1df39bc8a51c8b6fd","","0","0","0","0.00000768379209","0.000182459936291336","25.72","Error(0)","execution reverted","Deposit"
"0xc6458779e46475961e2df7ca26eab70c224d5f127cb3404bf0074c24f25d4a96","23144450","1767018719","2025-12-29 14:31:59","0xe07c4c2a205e5f4550b20e3b5fdaaa3e819ff8a7","0x78dd09e369f35d033a1d4ec1df39bc8a51c8b6fd","","0","0","0","0.000042653457699834","0.00101285238894548","25.72","","","Deposit"
"0xb08a20a399501e9ea16bbd71080bad23e67c006656221a47d7740a4b9dd25975","23144549","1767018816","2025-12-29 14:33:36","0xe07c4c2a205e5f4550b20e3b5fdaaa3e819ff8a7","0x78dd09e369f35d033a1d4ec1df39bc8a51c8b6fd","","0","0","0","0.000166861414603247","0.00396230438322422","25.72","","","Deposit"
"0xd0da851b8535a723b6e8c1c9043ccb76c72801acd59fa3f47316d70cbb516b6f","23144596","1767018862","2025-12-29 14:34:22","0xe07c4c2a205e5f4550b20e3b5fdaaa3e819ff8a7","0x78dd09e369f35d033a1d4ec1df39bc8a51c8b6fd","","0","0","0","0.000017665275209782","0.00041948102598202","25.72","","","Deposit"
"0x0ec6ae9f9a340ae4dbf3d2c22dba513c2e264f2b559fde6ee201c237644ba3e9","23144868","1767019130","2025-12-29 14:38:50","0xe07c4c2a205e5f4550b20e3b5fdaaa3e819ff8a7","0x78dd09e369f35d033a1d4ec1df39bc8a51c8b6fd","","0","0","0","0.0000260897989","0.000619530433591906","25.72","","","Withdraw"
"0x1db38f0004147512939a2db32ebd985e1c2c3ecd0226579c5821f6164ec74648","23144887","1767019148","2025-12-29 14:39:08","0xe07c4c2a205e5f4550b20e3b5fdaaa3e819ff8a7","0x78dd09e369f35d033a1d4ec1df39bc8a51c8b6fd","","0","0","0","0.00001353718386","0.000321455041433805","25.72","","","Withdraw"
"0x334f6e299ac25c9c6f008a7e6bb499dc3537551f51bb6ef47a3c23b14cae34d2","23144903","1767019164","2025-12-29 14:39:24","0xe07c4c2a205e5f4550b20e3b5fdaaa3e819ff8a7","0x78dd09e369f35d033a1d4ec1df39bc8a51c8b6fd","","0","0","0","0.00001651298474","0.00039211864511032","25.72","","","Withdraw"
"0xe5d99f1bd165b2881cddee00e1a59d5dfbedee2f931af0f4d7b2ed0e35472fcf","23144919","1767019180","2025-12-29 14:39:40","0xe07c4c2a205e5f4550b20e3b5fdaaa3e819ff8a7","0x78dd09e369f35d033a1d4ec1df39bc8a51c8b6fd","","0","0","0","0.00001316773201","0.000312682008506295","25.72","","","Withdraw"
"0xcd71bc67818f4a667801a9da0bab72f3b51cb4ca299b930e25b43ad5f103544d","23150430","1767024600","2025-12-29 16:10:00","0xdbf2a43a9f324f3b97d7dd1b4e57b64c9c5e41b5","0x78dd09e369f35d033a1d4ec1df39bc8a51c8b6fd","","0","0","0","0.00501313488","0.119042298400434","25.72","","","Repay Asset"
"0xad2ae18d5355b17c72ab49c219a17941fac82af21119bc828bff2cbff92e2be8","23152113","1767026256","2025-12-29 16:37:36","0x2d185421f556ea40bd67f5512cca15f2a793ba55","0x78dd09e369f35d033a1d4ec1df39bc8a51c8b6fd","","0","0","0","0.00020036544","0.00475789362715375","25.72","Error(0)","execution reverted","Add Collateral"
"0x4ff66b81bdeea5cb7663fa248b8d007a0049f336f15c5443483c22c216dc004e","23153971","1767028083","2025-12-29 17:08:03","0x20d55e8541b5eb2bd12ce608debddf82bc48439e","0x78dd09e369f35d033a1d4ec1df39bc8a51c8b6fd","","0","0","0","0.0000162032735","0.00038476421744528","25.72","","","Add Collateral"
"0x9cc4a242f9727a25da38791cb2ce410e78f552fb605c280b9b0668833b0bc8f4","23154627","1767028729","2025-12-29 17:18:49","0x8a4cd3db5a63dafe5e7e754eef12510e6c9fa51c","0x78dd09e369f35d033a1d4ec1df39bc8a51c8b6fd","","0","0","0","0.00003872144441774","0.000919482489741511","25.72","","","Remove Collateral"
"0xe0b24688891cf527612deab2f6d64415aab4dd35443dec1e2fb5bcc203c2f7f7","23212467","1767085620","2025-12-30 09:07:00","0xdbf2a43a9f324f3b97d7dd1b4e57b64c9c5e41b5","0x78dd09e369f35d033a1d4ec1df39bc8a51c8b6fd","","0","0","0","0.000206935424","0.00491390498821533","25.99","","","Repay Asset"
"0x6cd3f93641fd60d732689dcfaaa971bcbdb12607a9651e9821cd75a1a84fbd51","23213528","1767086664","2025-12-30 09:24:24","0xf0394ffbe760c225dbc37695e870ee3db6eaee0b","0x78dd09e369f35d033a1d4ec1df39bc8a51c8b6fd","","0","0","0","0.000050638","0.00120245396357681","25.99","","","Withdraw"
"0x0724216337df1a966162ee7637ddad909a91a4b81acf7a21c421cfb5b77da987","23218628","1767091680","2025-12-30 10:48:00","0xdbf2a43a9f324f3b97d7dd1b4e57b64c9c5e41b5","0x78dd09e369f35d033a1d4ec1df39bc8a51c8b6fd","","0","0","0","0.000419097096","0.00995191287587842","25.99","","","Borrow Asset"
"0xcb9853043038555bd96ed1a6091fb32f395b7f70b84ed96212b5770bf699efba","23220610","1767093630","2025-12-30 11:20:30","0x3426648b4cccb33a7df81d69993b71ef5e7207d7","0x78dd09e369f35d033a1d4ec1df39bc8a51c8b6fd","","0","0","0","0.000026424181630675","0.000627470712430955","25.99","","","Deposit"
"0x099f5166dc9d36800b9f82127190f0681bd74d92c421ac67a5b96aa061d5f1ab","23243594","1767116237","2025-12-30 17:37:17","0x9c7bf745cf99874e71929561ed6091f142b1f981","0x78dd09e369f35d033a1d4ec1df39bc8a51c8b6fd","","0","0","0","0.0000405305046","0.000962440576287337","25.99","Error(0)","execution reverted","Add Collateral"
"0xc0d106b9991d9d5391b9f1a91fec14f62e2cb25db423b9cdf28ced8394f8690d","23258940","1767131332","2025-12-30 21:48:52","0xff2c7c7e10bbdd5024f924a2278ed6999b53c26e","0x78dd09e369f35d033a1d4ec1df39bc8a51c8b6fd","","0","0","0","0.0002862158","0.00679650308361917","25.99","","","Withdraw"
"0xda43db768fd5e6fa822bc1f7321b8b8fa4de01fab4585af5bb0e6d5bcb940f98","23260768","1767133130","2025-12-30 22:18:50","0xff2c7c7e10bbdd5024f924a2278ed6999b53c26e","0x78dd09e369f35d033a1d4ec1df39bc8a51c8b6fd","","0","0","0","0.000354245861337378","0.00841195031489813","25.99","","","Remove Collateral"
"0x57183cc5f00cfe3efe0b324f587a3f72139fcc6c4465805368cc7bfa34b0cc83","23262053","1767134394","2025-12-30 22:39:54","0xf0394ffbe760c225dbc37695e870ee3db6eaee0b","0x78dd09e369f35d033a1d4ec1df39bc8a51c8b6fd","","0","0","0","0.0000389159604","0.000924101481681311","25.99","","","Remove Collateral"
"0x83794928da3930b211e1da7655493e1446892a0a173058c5adf75281aee5302b","23272120","1767144296","2025-12-31 01:24:56","0x443a37c30aa9b7ee7b77c2f4458e2af262d5df39","0x78dd09e369f35d033a1d4ec1df39bc8a51c8b6fd","","0","0","0","0.0000128111","0.000304213396516033","25.43","","","Deposit"
"0x22deee8095fb8e167b251cdda095d297ef985402ee6716e0dbbf1fae88b8f227","23273885","1767146032","2025-12-31 01:53:52","0x443a37c30aa9b7ee7b77c2f4458e2af262d5df39","0x78dd09e369f35d033a1d4ec1df39bc8a51c8b6fd","","0","0","0","0.0000127171","0.000301981265061864","25.43","","","Withdraw"
"0x1e9c04c9334c49ea5e00abb328d8beb6890686ab7e3cb09c4b71bc5c1ca4b027","23279467","1767151522","2025-12-31 03:25:22","0x3426648b4cccb33a7df81d69993b71ef5e7207d7","0x78dd09e369f35d033a1d4ec1df39bc8a51c8b6fd","","0","0","0","0.0000354687426","0.000842243574439269","25.43","","","Withdraw"
"0x72475538903a7cc6694bd4430e9dcaaab4f4eb6d15058725a4f2fa1bfbf2df57","23304840","1767176479","2025-12-31 10:21:19","0xb67a126bfc786978bc2a44e67759be70d151cb0b","0x78dd09e369f35d033a1d4ec1df39bc8a51c8b6fd","","0","0","0","0.0003330886","0.00790954830941686","25.43","","","Deposit"
"0x26e9a8baf9042828963c5ff55260b81ef8b3b4b47e1cc580917cbab7ee05f90f","23315010","1767186482","2025-12-31 13:08:02","0x6b873b0804f7931979ed9e656177accc133318b1","0x78dd09e369f35d033a1d4ec1df39bc8a51c8b6fd","","0","0","0","0.000012580500125805","0.000298737553616904","25.43","Error(0)","execution reverted","Add Collateral"
"0x612a55f4133115aaa26d5f504d9d6222d1ad53641295f872abe321188d89b0fa","23315557","1767187020","2025-12-31 13:17:00","0xdbf2a43a9f324f3b97d7dd1b4e57b64c9c5e41b5","0x78dd09e369f35d033a1d4ec1df39bc8a51c8b6fd","","0","0","0","0.000152974536","0.00363254546268659","25.43","Error(0)","execution reverted","Repay Asset"
"0x558af49fc09072229a54628a856b1d9704aa4083dad0a309b28649b20c19641b","23315679","1767187140","2025-12-31 13:19:00","0xdbf2a43a9f324f3b97d7dd1b4e57b64c9c5e41b5","0x78dd09e369f35d033a1d4ec1df39bc8a51c8b6fd","","0","0","0","0.00018440672","0.00437893659651248","25.43","","","Repay Asset"
"0x5bb78a60adef1d2e1d25f9846a13f7fd35b0d2367ecd7411971ad9106fd2b556","23319949","1767191340","2025-12-31 14:29:00","0xdbf2a43a9f324f3b97d7dd1b4e57b64c9c5e41b5","0x78dd09e369f35d033a1d4ec1df39bc8a51c8b6fd","","0","0","0","0.000158443264","0.00376240631144293","25.43","","","Repay Asset"
"0xae09ca5a8db3c2f59681b46f7d2be7e4a741280b44e30eeb93ca7bf5b96759fe","23322829","1767194173","2025-12-31 15:16:13","0xfb805cae07533fc500a4e6b47eb83938c1b033d9","0x78dd09e369f35d033a1d4ec1df39bc8a51c8b6fd","","0","0","0","0.0005299554","0.0125843629536896","25.43","","","Borrow Asset"
"0xfe4018771ab1a7856104e10839fca0dbc7c829528c50ed757f51f4bf1f26db29","23323377","1767194712","2025-12-31 15:25:12","0x23ff7b5ee3988ccb8047883278edb516ddae177a","0x78dd09e369f35d033a1d4ec1df39bc8a51c8b6fd","","0","0","0","0.000060532526536354","0.00143741017534179","25.43","","","Add Collateral"
"0x50a7767e0e0a46bfadd70cc702449456ffff4a86115a9b0b1e5dcdb842d96790","23348863","1767219780","2025-12-31 22:23:00","0xdbf2a43a9f324f3b97d7dd1b4e57b64c9c5e41b5","0x78dd09e369f35d033a1d4ec1df39bc8a51c8b6fd","","0","0","0","0.00008893807","0.00211193046297981","25.43","","","Add Collateral"
"0x6e44b288218e112d97f39e0fdda2fcf890ff691264d5a0b2f15d983cc7aa93ef","23368445","1767239041","2026-01-01 03:44:01","0xe07c4c2a205e5f4550b20e3b5fdaaa3e819ff8a7","0x78dd09e369f35d033a1d4ec1df39bc8a51c8b6fd","","0","0","0","0.000012947655","0.0003074560423748","24.20","","","Deposit"
"0xef070838d047ade073e0b85930b6202f671b0a3a8e6f5e42db08a1914765f8e2","23382778","1767253140","2026-01-01 07:39:00","0x443a37c30aa9b7ee7b77c2f4458e2af262d5df39","0x78dd09e369f35d033a1d4ec1df39bc8a51c8b6fd","","0","0","0","0.0000126583","0.000300584995599043","24.20","","","Withdraw"
"0xf85a878a696158bbfd4c55c815af1290ec1b586af12fff351cc34466706875c1","23390735","1767260966","2026-01-01 09:49:26","0x726adf6c98c6cc97352e0e635b3335a9027f62a2","0x78dd09e369f35d033a1d4ec1df39bc8a51c8b6fd","","0","0","0","0.0000510148059","0.0012114016263588","24.20","","","Add Collateral"
"0x777c951dc48bffc53f30e0d436d04107c3bda71f6b0dd53486e4d1d0f1db965d","23393391","1767263579","2026-01-01 10:32:59","0xe07c4c2a205e5f4550b20e3b5fdaaa3e819ff8a7","0x78dd09e369f35d033a1d4ec1df39bc8a51c8b6fd","","0","0","0","0.000012845483","0.000305029857960594","24.20","","","Withdraw"
"0xb8e356a97718830c97530ecd8aaae51ae85ab7ee84fb6531c12b62ef8a1eb3ed","23393405","1767263592","2026-01-01 10:33:12","0xe07c4c2a205e5f4550b20e3b5fdaaa3e819ff8a7","0x78dd09e369f35d033a1d4ec1df39bc8a51c8b6fd","","0","0","0","0.000011117171","0.000263989224154018","24.20","","","Withdraw"
"0x792b6f5f1bff3d1bfd942f2b3cc229a51f9ef561087cc2407968dd1709ed4610","23393486","1767263672","2026-01-01 10:34:32","0xe07c4c2a205e5f4550b20e3b5fdaaa3e819ff8a7","0x78dd09e369f35d033a1d4ec1df39bc8a51c8b6fd","","0","0","0","0.0000128548912","0.000305253265823861","24.20","","","Withdraw"
"0xea6101551191e9f5d90c417f9c0dc1822674a309d7252a3e1e7440823a1edc30","23393509","1767263695","2026-01-01 10:34:55","0xe07c4c2a205e5f4550b20e3b5fdaaa3e819ff8a7","0x78dd09e369f35d033a1d4ec1df39bc8a51c8b6fd","","0","0","0","0.000010629947","0.000252419564413315","24.20","","","Withdraw"
"0x3ee6d63e78a59c0c1f4fc3ad177ba0e192b3ea9bee3f4463ae2d5bd142e28790","23417456","1767287249","2026-01-01 17:07:29","0x6b873b0804f7931979ed9e656177accc133318b1","0x78dd09e369f35d033a1d4ec1df39bc8a51c8b6fd","","0","0","0","0.000040534371","0.000962532388128341","24.20","Error(0)","execution reverted","Add Collateral"
"0x193bbd16fa5fefb4f93c2287a3c4de19a93e23b8296c1e270bcf8fd2f8875090","23422800","1767292505","2026-01-01 18:35:05","0x12864057c72ade54d2fc5c43b3604a615ce0dbd0","0x78dd09e369f35d033a1d4ec1df39bc8a51c8b6fd","","0","0","0","0.0000856149545","0.00203301949879484","24.20","","","Withdraw"
"0x0741bc6dbb3120f01869cb33284553f9f496a613fb3824e745f1a786df99d8a4","23427430","1767297060","2026-01-01 19:51:00","0x12864057c72ade54d2fc5c43b3604a615ce0dbd0","0x78dd09e369f35d033a1d4ec1df39bc8a51c8b6fd","","0","0","0","0.001013148737747275","0.0240583102689098","24.20","","","Deposit"
"0x0ab2759a454e6fd661c0f1327b8faf140a549bc4458fe1f590d34d82d5d9da99","23427477","1767297106","2026-01-01 19:51:46","0x12864057c72ade54d2fc5c43b3604a615ce0dbd0","0x78dd09e369f35d033a1d4ec1df39bc8a51c8b6fd","","0","0","0","0.000556965307084197","0.0132257423491877","24.20","","","Withdraw"
"0x1315ae28fab689a3fd15c1f54d7a3786f037901bd3fc0de562c53735dcaef5fc","23443580","1767312945","2026-01-02 00:15:45","0x20d55e8541b5eb2bd12ce608debddf82bc48439e","0x78dd09e369f35d033a1d4ec1df39bc8a51c8b6fd","","0","0","0","0.0000131876043","0.000313153897480501","24.57","","","Add Collateral"
"0x9197f257b7129c9a4b2545580efe1fc7a08b23edcca5f616f7b840f74db0361e","23448924","1767318201","2026-01-02 01:43:21","0x8f25818ff64be1abee91abca70c306b33b602062","0x78dd09e369f35d033a1d4ec1df39bc8a51c8b6fd","","0","0","0","0.000594746257","0.0141228917819053","24.57","","","Deposit"
"0x18aba5c210dbbf0484cf7fdd57201750bc89634b88466280af6e3d1cb1b38a4f","23449925","1767319186","2026-01-02 01:59:46","0x8f25818ff64be1abee91abca70c306b33b602062","0x78dd09e369f35d033a1d4ec1df39bc8a51c8b6fd","","0","0","0","0.0000444044","0.00105443040365437","24.57","","","Deposit"
"0xb5c88d973381811db06fed150871f6ae18f41757a0da1ccf7c9735fb752ec644","23450349","1767319603","2026-01-02 02:06:43","0x7eef6f6affb8d30dbfc332e9f3065b27ae80d5e1","0x78dd09e369f35d033a1d4ec1df39bc8a51c8b6fd","","0","0","0","0.0001079044149","0.00256230679300015","24.57","","","Add Collateral"
"0x2eaf99c835fd39a7a92b51c4f026b5d50b0198e12d48ee654c5ec3db82d6a6ee","23450530","1767319781","2026-01-02 02:09:41","0x7eef6f6affb8d30dbfc332e9f3065b27ae80d5e1","0x78dd09e369f35d033a1d4ec1df39bc8a51c8b6fd","","0","0","0","0.0001718991153","0.00408193002345733","24.57","","","Borrow Asset"
"0x86a272ddd3b7d3fdc28b8d1e388545a3672004a669962502662856a79ebc5e86","23467502","1767336475","2026-01-02 06:47:55","0x9041538cf2d6dc9cdee8b60773ca36f6a12e7b6d","0x78dd09e369f35d033a1d4ec1df39bc8a51c8b6fd","","0","0","0","0.000041276344415978","0.000980151347702404","24.57","","","Deposit"
"0xce58c58bd0c69cf3f9f3cd78c67b00e5a13ed3d8bf95472cc96d7a303ded0a0d","23467561","1767336533","2026-01-02 06:48:53","0x9041538cf2d6dc9cdee8b60773ca36f6a12e7b6d","0x78dd09e369f35d033a1d4ec1df39bc8a51c8b6fd","","0","0","0","0.0000110999","0.000263579105618434","24.57","","","Deposit"
"0x0b625f41f24f31444f45a4a382483635eb3123e09822e9d05cae2bca730d7151","23474401","1767343260","2026-01-02 08:41:00","0xdbf2a43a9f324f3b97d7dd1b4e57b64c9c5e41b5","0x78dd09e369f35d033a1d4ec1df39bc8a51c8b6fd","","0","0","0","0.000273188096","0.00648714619134252","24.57","","","Remove Collateral"
"0x0da10b5d9e7eb6631d7a77b724b9c6fe747644cf7588e071a7c9b285603dce9b","23475781","1767344618","2026-01-02 09:03:38","0xe2862db005706cc4cb7a92fc3bcdf90b7107c8fa","0x78dd09e369f35d033a1d4ec1df39bc8a51c8b6fd","","0","0","0","0.0000135055","0.000320702673981726","24.57","","","Add Collateral"
"0x28910bd5ed16b52ed4fcb58d1bb5c9924464b6e86663040fc4e2a24f4b4e7fec","23504034","1767372408","2026-01-02 16:46:48","0x6f88069af4e009650f30e0a2197fd9466604aa6c","0x78dd09e369f35d033a1d4ec1df39bc8a51c8b6fd","","0","0","0","0.000021075191852911","0.000500453176995034","24.57","","","Withdraw"
"0x4de8ad76e488f59155d480144f9c9b260c0f498153c0199b00ed69b2dbd580b5","23504083","1767372456","2026-01-02 16:47:36","0x6f88069af4e009650f30e0a2197fd9466604aa6c","0x78dd09e369f35d033a1d4ec1df39bc8a51c8b6fd","","0","0","0","0.000011581100115811","0.000275005721727493","24.57","","","Deposit"
"0x5a6c225418e475d369649300948cce79ca31682bea233d50d68c755ab299ed54","23504113","1767372485","2026-01-02 16:48:05","0x6f88069af4e009650f30e0a2197fd9466604aa6c","0x78dd09e369f35d033a1d4ec1df39bc8a51c8b6fd","","0","0","0","0.000011393377159146","0.000270548037512157","24.57","","","Withdraw"
"0x9ccee41b3cf91af4e7d2be2d150d0f778d33c6f7f9a6dd73d6526799f6c56b60","23505503","1767373853","2026-01-02 17:10:53","0x6a4168dc36127656f7798c1138254ce4a90df956","0x78dd09e369f35d033a1d4ec1df39bc8a51c8b6fd","","0","0","0","0.000038912094","0.000924009669840307","24.57","","","Remove Collateral"
"0xdefb93c939ad4529998ad1586c832337094f5772635e9159edbca82f06a1eeb5","23506182","1767374520","2026-01-02 17:22:00","0xdbf2a43a9f324f3b97d7dd1b4e57b64c9c5e41b5","0x78dd09e369f35d033a1d4ec1df39bc8a51c8b6fd","","0","0","0","0.0007274946","0.0172751444616835","24.57","","","Remove Collateral"
"0xe6906d2fd649d94ec07b815c989e80e74af7ee1d0951ed163e97e7fe67eaac58","23510145","1767378419","2026-01-02 18:26:59","0xdd0fa61baff56c7fc72dd7fa1edad340908d2470","0x78dd09e369f35d033a1d4ec1df39bc8a51c8b6fd","","0","0","0","0.0000166752564","0.00039597196081677","24.57","","","Add Collateral"
"0xb1b6016749b4b6dda49a64400c7ff782d88849d281af6eb3513df1c6fe2ed079","23553658","1767421218","2026-01-03 06:20:18","0xc1269b5614c6f5cc50affa5e62d403622c6cdb3f","0x78dd09e369f35d033a1d4ec1df39bc8a51c8b6fd","","0","0","0","0.0001109170204","0.00263384436210178","25.36","","","Add Collateral"
"0x05b9d77b16d630e264ebef77f1f9863321f6d1c18429738d0eb242810c21a98f","23574544","1767441842","2026-01-03 12:04:02","0xdd0fa61baff56c7fc72dd7fa1edad340908d2470","0x78dd09e369f35d033a1d4ec1df39bc8a51c8b6fd","","0","0","0","0.000014601093","0.000346718712239892","25.36","","","Remove Collateral"
"0x8bddb6b83c09847fa315abca3bc94dbeeb584fd15a1252ef2718a6b39755886d","23584028","1767451171","2026-01-03 14:39:31","0xba64a4e5641bcd04530c0bfeaeb25471557634c5","0x78dd09e369f35d033a1d4ec1df39bc8a51c8b6fd","","0","0","0","0.00002904615","0.000689732181250179","25.36","","","Add Collateral"
"0x1336c350610580abeb39ede57d7db4653263042b16ef08166c1fddeb962c0d24","23584117","1767451259","2026-01-03 14:40:59","0xba64a4e5641bcd04530c0bfeaeb25471557634c5","0x78dd09e369f35d033a1d4ec1df39bc8a51c8b6fd","","0","0","0","0.000409425909","0.00972226010245445","25.36","","","Borrow Asset"
"0x36ff4274d1fa7de8a719371eefc2cf72a58008bfaeb806b1766a108307a30144","23592729","1767459729","2026-01-03 17:02:09","0x6e3a7ce3eeb814ad53ae6d11911894f225928cdd","0x78dd09e369f35d033a1d4ec1df39bc8a51c8b6fd","","0","0","0","0.000012269441611658","0.000291351133473131","25.36","","","Remove Collateral"
"0x563b8e0f3e28c5307b1874f86368e2e8d58c5f152f9a4c2111108da86bc0d4b9","23602241","1767469085","2026-01-03 19:38:05","0x28839a9fc4a6465000c5c5775983742545ce5ca5","0x78dd09e369f35d033a1d4ec1df39bc8a51c8b6fd","","0","0","0","0.000018840600188406","0.000447390386127312","25.36","","","Remove Collateral"
"0x9edfa812b4576e57381826c3fbe0ffeec8e1807a62811df3c22e1384f0733e4a","23602288","1767469132","2026-01-03 19:38:52","0x5fd5245b32d41132fadd4858ad7170fea744b693","0x78dd09e369f35d033a1d4ec1df39bc8a51c8b6fd","","0","0","0","0.0000497619584","0.0011816514102734","25.36","","","Repay Asset"
"0x31261cfb71207a6afb6045373ec6177b8a3aeaaccc07f5dc695a8ea4f9dbf126","23602312","1767469155","2026-01-03 19:39:15","0x28839a9fc4a6465000c5c5775983742545ce5ca5","0x78dd09e369f35d033a1d4ec1df39bc8a51c8b6fd","","0","0","0","0.000011142400111424","0.000264588316634553","25.36","","","Repay Asset"
"0x4a8093c7afad558c40524fee2a7127fc18e83a3893d8ef4d0a70e3ae07d69f04","23602347","1767469190","2026-01-03 19:39:50","0x28839a9fc4a6465000c5c5775983742545ce5ca5","0x78dd09e369f35d033a1d4ec1df39bc8a51c8b6fd","","0","0","0","0.000018279400182794","0.000434064086291072","25.36","","","Remove Collateral"
"0x432da31dea7b3a933520c526bfad30ff269334093404503f0368eb60a7fcb470","23602410","1767469252","2026-01-03 19:40:52","0x28839a9fc4a6465000c5c5775983742545ce5ca5","0x78dd09e369f35d033a1d4ec1df39bc8a51c8b6fd","","0","0","0","0.000072584393350848","0.00172359476042785","25.36","","","Repay Asset"
"0xb4ec1fd74998507f9fbb5022d877247a9a8294f6bce7ca1c7722af9a17b6c299","23602464","1767469305","2026-01-03 19:41:45","0x28839a9fc4a6465000c5c5775983742545ce5ca5","0x78dd09e369f35d033a1d4ec1df39bc8a51c8b6fd","","0","0","0","0.00001840125196","0.000436957588255412","25.36","","","Remove Collateral"
"0xf96159e79093ff51eddf93336de73e3a49492f94942127343ec5f6d2f883d157","23602488","1767469328","2026-01-03 19:42:08","0x28839a9fc4a6465000c5c5775983742545ce5ca5","0x78dd09e369f35d033a1d4ec1df39bc8a51c8b6fd","","0","0","0","0.000011522769286","0.000273620593217186","25.36","","","Repay Asset"
"0x6b8604eddc86c6fd3a3a12294a3cee8c7810d971855382fa7fe78754cd413692","23602491","1767469331","2026-01-03 19:42:11","0x5fd5245b32d41132fadd4858ad7170fea744b693","0x78dd09e369f35d033a1d4ec1df39bc8a51c8b6fd","","0","0","0","0.0000282855145","0.000671670070349033","25.36","","","Remove Collateral"
"0x6c879b6084aa6d8a024049dfd3bf7526174ab48c26cfd59f382a29b62e52b7a3","23602549","1767469388","2026-01-03 19:43:08","0x28839a9fc4a6465000c5c5775983742545ce5ca5","0x78dd09e369f35d033a1d4ec1df39bc8a51c8b6fd","","0","0","0","0.00001073277184","0.000254861251217931","25.36","","","Repay Asset"
"0x6a14fe0e62adbfc4755e9168aac0f2fe1aae5e3518d79759be5a3db7a13aa09a","23602563","1767469402","2026-01-03 19:43:22","0x28839a9fc4a6465000c5c5775983742545ce5ca5","0x78dd09e369f35d033a1d4ec1df39bc8a51c8b6fd","","0","0","0","0.00001257827228","0.000298684651013751","25.36","","","Remove Collateral"
"0x0a3ffe8cd9e487699af91ff278f7741faa33dfacc997633e75fc7f0b8b0b690c","23602590","1767469429","2026-01-03 19:43:49","0x28839a9fc4a6465000c5c5775983742545ce5ca5","0x78dd09e369f35d033a1d4ec1df39bc8a51c8b6fd","","0","0","0","0.00001383320698334","0.000328484429995174","25.36","","","Remove Collateral"
"0x4a27e22f7a30377d1df643dddcc92f81ae688a81e453ad5f0661a556ca425dfe","23619373","1767485937","2026-01-04 00:18:57","0x47930c76790c865217472f2ddb4d14c640ee450a","0x78dd09e369f35d033a1d4ec1df39bc8a51c8b6fd","","0","0","0","0.000191368319657814","0.00454424729403951","26.76","","","Remove Collateral"
"0x89fce78a366ee070f9ec8e5e1cf60d34db2b45ca57089217edc9e6b316ba5f9b","23631660","1767498022","2026-01-04 03:40:22","0x12864057c72ade54d2fc5c43b3604a615ce0dbd0","0x78dd09e369f35d033a1d4ec1df39bc8a51c8b6fd","","0","0","0","0.000603643606480426","0.0143341689482244","26.76","","","Deposit"
"0x55154325069c8c12e60dcd881a3ba88e4c1183be0943d6ecb33190cc2ee1c7ee","23651306","1767517346","2026-01-04 09:02:26","0xa77f95fa07849b96c181cfdd7d1113f266738f57","0x78dd09e369f35d033a1d4ec1df39bc8a51c8b6fd","","0","0","0","0.00001268296348","0.000301170656550929","26.76","","","Repay Asset"
"0xb4560a8d79f1e8f07aeacdcf7c8a6169d2224beb364d3f2a70d51b209a327ad3","23652317","1767518340","2026-01-04 09:19:00","0xdbf2a43a9f324f3b97d7dd1b4e57b64c9c5e41b5","0x78dd09e369f35d033a1d4ec1df39bc8a51c8b6fd","","0","0","0","0.00015767106","0.0037440694940234","26.76","","","Remove Collateral"
"0x96c48d9af46025d220e836804b1f65efc7e7fbe0ddd723e8f9e42a48b17257c2","23662504","1767528360","2026-01-04 12:06:00","0xdbf2a43a9f324f3b97d7dd1b4e57b64c9c5e41b5","0x78dd09e369f35d033a1d4ec1df39bc8a51c8b6fd","","0","0","0","0.00019121711","0.00454065665751418","26.76","","","Remove Collateral"
"0xb66375af96ee92fa9e33850905eab3ae14c821683470d63985791e941990e0b5","23711832","1767576880","2026-01-05 01:34:40","0x443a37c30aa9b7ee7b77c2f4458e2af262d5df39","0x78dd09e369f35d033a1d4ec1df39bc8a51c8b6fd","","0","0","0","0.000036302728467365","0.000862047468980524","26.56","","","Withdraw"
"0x92ddd18eb812ae4741743f58008fdb99c136183bb247e7025f25b379b087c2eb","23731402","1767596129","2026-01-05 06:55:29","0x9041538cf2d6dc9cdee8b60773ca36f6a12e7b6d","0x78dd09e369f35d033a1d4ec1df39bc8a51c8b6fd","","0","0","0","0.0000110399","0.000262154340860453","26.56","","","Deposit"
"0x8170ef0533b5108fcbccd4fa177db5905fbcd1c7b747ee1622527743040bf696","23752180","1767616566","2026-01-05 12:36:06","0xd2ab96209d697e99b8f1f141a6dd7ad32cbc5566","0x78dd09e369f35d033a1d4ec1df39bc8a51c8b6fd","","0","0","0","0.00016307069","0.0038722895361923","26.56","","","Remove Collateral"
"0x97404b9e52ca90c11f5f355a132d9ac9a4a34d4aa2e3bef27eb1d6e14a1a0c85","23780928","1767644843","2026-01-05 20:27:23","0xfb805cae07533fc500a4e6b47eb83938c1b033d9","0x78dd09e369f35d033a1d4ec1df39bc8a51c8b6fd","","0","0","0","0.0000636072","0.00151042161523012","26.56","","","Repay Asset"
"0xb99ef1a2786261b43d7294539eaff5e62b08a6c06f1aba5347eaf43a0ecf4c74","23780964","1767644879","2026-01-05 20:27:59","0xfb805cae07533fc500a4e6b47eb83938c1b033d9","0x78dd09e369f35d033a1d4ec1df39bc8a51c8b6fd","","0","0","0","0.000099067228118808","0.00235245825490795","26.56","","","Remove Collateral"
"0xf8f4cd2ceef6b4a29bbf8ce76a18c7ebbbf3993b7bfea34d564e048d4842fa67","23806893","1767670382","2026-01-06 03:33:02","0x8f25818ff64be1abee91abca70c306b33b602062","0x78dd09e369f35d033a1d4ec1df39bc8a51c8b6fd","","0","0","0","0.000373679549162685","0.00887342420708295","28.21","","","Withdraw"
"0x879eb90feeee27aaf77da37200baec739541e88f24dae5eafd0efbf3d0bbd45e","23816173","1767679510","2026-01-06 06:05:10","0x9041538cf2d6dc9cdee8b60773ca36f6a12e7b6d","0x78dd09e369f35d033a1d4ec1df39bc8a51c8b6fd","","0","0","0","0.00003061911297045","0.000727083884681933","28.21","","","Deposit"
"0x6bca6dd4df9ab14d90f0a2d09daeb60c37b8a8de9d8871f9eb7d8fffc0600961","23826350","1767689520","2026-01-06 08:52:00","0x1b56a2017b15577a759969869f706584200ca67c","0x78dd09e369f35d033a1d4ec1df39bc8a51c8b6fd","","0","0","0","0.000014361259012988","0.000341023595365548","28.21","","","Add Collateral"
"0xc1f8a86ce3e3fd499ed08617ebd7a01c61a5ec2c9ad99139335833937831f31b","23827326","1767690480","2026-01-06 09:08:00","0x1b56a2017b15577a759969869f706584200ca67c","0x78dd09e369f35d033a1d4ec1df39bc8a51c8b6fd","","0","0","0","0.0000256490892","0.000609065306107571","28.21","","","Borrow Asset"
"0x47a625b1894858e50fe960bf3125c33150f7f5a9f987b389a20076875946d823","23839008","1767701971","2026-01-06 12:19:31","0xa77f95fa07849b96c181cfdd7d1113f266738f57","0x78dd09e369f35d033a1d4ec1df39bc8a51c8b6fd","","0","0","0","0.0000318178024","0.000755548058931707","28.21","","","Repay Asset"
"0x99951cb9383f93ca985f1cfbd8af73797f439f9fe107a3fbfd068ef61c13a1ed","23839048","1767702010","2026-01-06 12:20:10","0xa77f95fa07849b96c181cfdd7d1113f266738f57","0x78dd09e369f35d033a1d4ec1df39bc8a51c8b6fd","","0","0","0","0.000012138382","0.000288238981541716","28.21","","","Remove Collateral"
"0xe417174da4265bf2b88c717912a21fa7602440257f093932dfa05c4586d0ec85","23843037","1767705934","2026-01-06 13:25:34","0x707da47b391c0e883dec5d4399238daa99fa59d9","0x78dd09e369f35d033a1d4ec1df39bc8a51c8b6fd","","0","0","0","0.000649093785369172","0.0154134325003009","28.21","","","Repay Asset"
"0x878aca5b338d257333d8c9b142c8fda6334afdd70efa687962e9681785da8b41","23843072","1767705968","2026-01-06 13:26:08","0x707da47b391c0e883dec5d4399238daa99fa59d9","0x78dd09e369f35d033a1d4ec1df39bc8a51c8b6fd","","0","0","0","0.000065652847","0.00155899771111126","28.21","","","Withdraw"
"0x02f61efc767984e78194e7425607ab8783d9c022703ce74392f500ba57b1d861","23843091","1767705987","2026-01-06 13:26:27","0x707da47b391c0e883dec5d4399238daa99fa59d9","0x78dd09e369f35d033a1d4ec1df39bc8a51c8b6fd","","0","0","0","0.0000904757185","0.00214844358619584","28.21","","","Withdraw"
"0xefe2506bccdca0fb3edca4aac2507a63b3ea9e2fba9c993a5a021a8733ee6399","23843120","1767706016","2026-01-06 13:26:56","0x707da47b391c0e883dec5d4399238daa99fa59d9","0x78dd09e369f35d033a1d4ec1df39bc8a51c8b6fd","","0","0","0","0.000166979875","0.00396511735319938","28.21","","","Withdraw"
"0xc4385514925964b5bd67e6757fb6a0e867a700893646a33a0a58738a8157c7f6","23843216","1767706110","2026-01-06 13:28:30","0x707da47b391c0e883dec5d4399238daa99fa59d9","0x78dd09e369f35d033a1d4ec1df39bc8a51c8b6fd","","0","0","0","0.0000763671358","0.00181342006259565","28.21","","","Withdraw"
"0x8c1f888b7cfd0622c7a74a77c74ac995b5d6f208cdb4f8f9d95d884fb44c7872","23843250","1767706143","2026-01-06 13:29:03","0x707da47b391c0e883dec5d4399238daa99fa59d9","0x78dd09e369f35d033a1d4ec1df39bc8a51c8b6fd","","0","0","0","0.0000661105558","0.00156986650057222","28.21","","","Withdraw"
"0xffa7a0a97094b656552cd1b861abd5c894cb01617dda5a6712c5dc00390e6779","23844162","1767707040","2026-01-06 13:44:00","0xdbf2a43a9f324f3b97d7dd1b4e57b64c9c5e41b5","0x78dd09e369f35d033a1d4ec1df39bc8a51c8b6fd","","0","0","0","0.000274807626","0.00652560367915071","28.21","Error(0)","execution reverted","Add Collateral"
"0x36c0c6f1d684c0396df7b4eea363a0b3da1a53b371b97c4c72dde3c4e5f33060","23844162","1767707040","2026-01-06 13:44:00","0xdbf2a43a9f324f3b97d7dd1b4e57b64c9c5e41b5","0x78dd09e369f35d033a1d4ec1df39bc8a51c8b6fd","","0","0","0","0.00029501731","0.00700550443803604","28.21","","","Add Collateral"
"0x2a5cd0b70a64878ae2d4ee7d45ab34a165fd5e24310ac07d18b7ba98eb605b77","23850626","1767713399","2026-01-06 15:29:59","0xe07c4c2a205e5f4550b20e3b5fdaaa3e819ff8a7","0x78dd09e369f35d033a1d4ec1df39bc8a51c8b6fd","","0","0","0","0.000039009884","0.000926331798935021","28.21","","","Deposit"
"0xa17918ea0b5329c95c1d94393deea5d9785bb2eb3816b44d9e6538e708b0e949","23854616","1767717323","2026-01-06 16:35:23","0xe07c4c2a205e5f4550b20e3b5fdaaa3e819ff8a7","0x78dd09e369f35d033a1d4ec1df39bc8a51c8b6fd","","0","0","0","0.0000201637704","0.000478810490898787","28.21","","","Deposit"
"0x7b6b2a4ae2b3df2998b335c4b07f0a5173f13d20bb7b4c3dce10c1ea4fb694c4","23855501","1767718194","2026-01-06 16:49:54","0xca20e688ec9067a0abeb86c79fd5b2b9294caafb","0x78dd09e369f35d033a1d4ec1df39bc8a51c8b6fd","","0","0","0","0.000025384289770384","0.000602777357853401","28.21","","","Remove Collateral"
"0xfd3c7cff3852a7f666ab1e786139f9b9ab340eab00c68485521689d1dc244b41","23855721","1767718410","2026-01-06 16:53:30","0xca20e688ec9067a0abeb86c79fd5b2b9294caafb","0x78dd09e369f35d033a1d4ec1df39bc8a51c8b6fd","","0","0","0","0.000019770703348517","0.000469476689524183","28.21","","","Deposit"
"0xa985299df6a007d8426969e602aa9d73b2521b38c8bb9640ea68f406a604aa7a","23856074","1767718757","2026-01-06 16:59:17","0xe07c4c2a205e5f4550b20e3b5fdaaa3e819ff8a7","0x78dd09e369f35d033a1d4ec1df39bc8a51c8b6fd","","0","0","0","0.000031607837295051","0.000750562210899424","28.21","","","Deposit"
"0x4dc40607fe97af83add4966a9f7067cd496bf8fffba5540ff485c5cc6efc47bf","23856484","1767719160","2026-01-06 17:06:00","0xdbf2a43a9f324f3b97d7dd1b4e57b64c9c5e41b5","0x78dd09e369f35d033a1d4ec1df39bc8a51c8b6fd","","0","0","0","0.000812622668","0.0192966023150394","28.21","","","Remove Collateral"
"0xdaa87e0bfcc87b0772f9bbc8540aeecc33c299d8b8ccef32ba0bd88dc8a102a6","23859394","1767722023","2026-01-06 17:53:43","0x605572243c30af7493707c9c8e8aa2ee25537e9a","0x78dd09e369f35d033a1d4ec1df39bc8a51c8b6fd","","0","0","0","0.00001737330183","0.000412547802952324","28.21","","","Deposit"
"0x34a9911b9141d104d82dda1f5c95c8d1a49ca8a1ad705f503f47656e8b3b6ed4","23863096","1767725664","2026-01-06 18:54:24","0x32e29325128aa15a789e4c57f412efdae2d0e4a2","0x78dd09e369f35d033a1d4ec1df39bc8a51c8b6fd","","0","0","0","0.000246891856417101","0.00586271360092381","28.21","","","Add Collateral"
"0x35e8b7fe38df87ed0407118699ff4aa2441cca92438bf5403f532a04e29e213e","23863374","1767725938","2026-01-06 18:58:58","0x32e29325128aa15a789e4c57f412efdae2d0e4a2","0x78dd09e369f35d033a1d4ec1df39bc8a51c8b6fd","","0","0","0","0.0000132226439696","0.000313985952253457","28.21","","","Remove Collateral"
"0x3eeaf064f79c07f8708dcdb7f0000c64ba7dcc9a7ca2485d2edcaa7377ffe75a","23872303","1767734720","2026-01-06 21:25:20","0x6abc111bd22bb38e649f81be60dfbeb35648aac6","0x78dd09e369f35d033a1d4ec1df39bc8a51c8b6fd","","0","0","0","0.0000306771608","0.000728462293045602","28.21","","","Deposit"
"0x3ebf35b60c7403e233e6ebdf203f2af8821da934762400705b07524939deba3e","23872347","1767734763","2026-01-06 21:26:03","0x6abc111bd22bb38e649f81be60dfbeb35648aac6","0x78dd09e369f35d033a1d4ec1df39bc8a51c8b6fd","","0","0","0","0.00002205029596","0.000523608076447406","28.21","","","Add Collateral"
"0x92765b3e8ba4f052fc549992a55a02665daf55a02b7b4cf801764601e954399b","23875927","1767738285","2026-01-06 22:24:45","0x6b873b0804f7931979ed9e656177accc133318b1","0x78dd09e369f35d033a1d4ec1df39bc8a51c8b6fd","","0","0","0","0.000040383405","0.000958947537520787","28.21","Error(0)","execution reverted","Add Collateral"
"0x76a6bb345e29851bea2cbf714db6642c7b721efb1af692b87ec5dd3c59a08204","23878055","1767740378","2026-01-06 22:59:38","0x6abc111bd22bb38e649f81be60dfbeb35648aac6","0x78dd09e369f35d033a1d4ec1df39bc8a51c8b6fd","","0","0","0","0.00002162111","0.00051341659260694","28.21","","","Withdraw"
"0x2812bb55c56874cc8f7b6ddfce6046cfffbd54e0fdaf49ad1bd0f29315b7dfaf","23884342","1767746562","2026-01-07 00:42:42","0x61bb94c531af9bc636e937bbd35a1e8d4cb3948d","0x78dd09e369f35d033a1d4ec1df39bc8a51c8b6fd","","0","0","0","0.000073527613812954","0.00174599254831809","26.91","","","Remove Collateral"
"0x99d8fdc47e8cb68387f5457be1be516c8d7cad06ce781ab806be83f1d0182909","23885272","1767747477","2026-01-07 00:57:57","0x20d55e8541b5eb2bd12ce608debddf82bc48439e","0x78dd09e369f35d033a1d4ec1df39bc8a51c8b6fd","","0","0","0","0.00003750031593","0.000890485475836548","26.91","","","Borrow Asset"
"0x674e9b7551d8955dd845076babb6e155a58b79bf3dc3ac2d63a2d6ee85596e27","23885413","1767747615","2026-01-07 01:00:15","0x20d55e8541b5eb2bd12ce608debddf82bc48439e","0x78dd09e369f35d033a1d4ec1df39bc8a51c8b6fd","","0","0","0","0.0000139948544","0.000332322922369769","26.91","","","Repay Asset"
"0x3bb6ef6e87214e6997998de3e07523cc2693a82daa7853188549717943fe1ced","23885457","1767747659","2026-01-07 01:00:59","0x20d55e8541b5eb2bd12ce608debddf82bc48439e","0x78dd09e369f35d033a1d4ec1df39bc8a51c8b6fd","","0","0","0","0.000016266152","0.000386257335292525","26.91","","","Repay Asset"
"0xb5d91fb0faefe696e5d6f9117ae3c5c10fb82fe0e4a44dfa01a61af12b32176f","23899188","1767761164","2026-01-07 04:46:04","0xa7da476783090e6bcad1643ac5a0f31ddb84204b","0x78dd09e369f35d033a1d4ec1df39bc8a51c8b6fd","","0","0","0","0.000025636635411075","0.000608769577448176","26.91","","","Deposit"
"0x3bb7667124443ef93a7f8e6bea719ab7f13aa95bdf242f5a81dbeddaec186f39","23899205","1767761181","2026-01-07 04:46:21","0xa7da476783090e6bcad1643ac5a0f31ddb84204b","0x78dd09e369f35d033a1d4ec1df39bc8a51c8b6fd","","0","0","0","0.000025621973356947","0.000608421411148157","26.91","","","Withdraw"
"0xfde01ba492da74bc390ca9c564f537a355e131e39add8d1d55db3fb9fe7a4c62","23899374","1767761347","2026-01-07 04:49:07","0xa7da476783090e6bcad1643ac5a0f31ddb84204b","0x78dd09e369f35d033a1d4ec1df39bc8a51c8b6fd","","0","0","0","0.000042327617424111","0.00100511495991913","26.91","","","Deposit"
"0x37932ebd249dced817e4b49f0bf4a21384bb89d54399eb6ba623b9f5638215f0","23921350","1767782963","2026-01-07 10:49:23","0x36ef7f3f639098d950dec87622330c0feefb32a9","0x78dd09e369f35d033a1d4ec1df39bc8a51c8b6fd","","0","0","0","0.000012520500125205","0.000297312788844676","26.91","Error(0)","execution reverted","Add Collateral"
"0xbb523d6a33da1fe649c49e5a8be1b83761b8c14cf9bd16e684130c6f337e1543","23921381","1767782994","2026-01-07 10:49:54","0x36ef7f3f639098d950dec87622330c0feefb32a9","0x78dd09e369f35d033a1d4ec1df39bc8a51c8b6fd","","0","0","0","0.000012520500125205","0.000297312788844676","26.91","Error(0)","execution reverted","Add Collateral"
"0xa0bd9b9435d08a4e434883ae7a3c8767e2570794230f79115fcb1e49808ea2d9","23921450","1767783061","2026-01-07 10:51:01","0x36ef7f3f639098d950dec87622330c0feefb32a9","0x78dd09e369f35d033a1d4ec1df39bc8a51c8b6fd","","0","0","0","0.000015323586159465","0.000363875092098018","26.91","Error(0)","execution reverted","Add Collateral"
"0xb13e58c0a13b8f8800ccc325671b018d0db30028c65397143b795de197de88e3","23935750","1767797127","2026-01-07 14:45:27","0x707da47b391c0e883dec5d4399238daa99fa59d9","0x78dd09e369f35d033a1d4ec1df39bc8a51c8b6fd","","0","0","0","0.000361718595","0.00858939844103608","26.91","","","Borrow Asset"
"0x7034bcc621b2d60881e275ddb346ff4e8529833ea251f4473107a4b8d577c2dd","23943003","1767804261","2026-01-07 16:44:21","0x707da47b391c0e883dec5d4399238daa99fa59d9","0x78dd09e369f35d033a1d4ec1df39bc8a51c8b6fd","","0","0","0","0.000593731795","0.0140988022868068","26.91","","","Borrow Asset"
"0x92d7cb35c14f84d80826c081c44de8c92b8c7e1a75ad7e9ac20dbd178b548823","23956889","1767817920","2026-01-07 20:32:00","0x707da47b391c0e883dec5d4399238daa99fa59d9","0x78dd09e369f35d033a1d4ec1df39bc8a51c8b6fd","","0","0","0","0.00040785576","0.00968497521978815","26.91","","","Repay Asset"
"0xf2298ae00f8d50ca1a9d5fa9cdbd4db78ca5d25c09c2277685f63a648a27ec04","23961377","1767822334","2026-01-07 21:45:34","0x36ef7f3f639098d950dec87622330c0feefb32a9","0x78dd09e369f35d033a1d4ec1df39bc8a51c8b6fd","","0","0","0","0.000012520500125205","0.000297312788844676","26.91","Error(0)","execution reverted","Add Collateral"
"0x29642baf4b523d8c117814d30d1af366c3993421454619cc6ee75d1fe3dcd843","23966965","1767827830","2026-01-07 23:17:10","0x20d55e8541b5eb2bd12ce608debddf82bc48439e","0x78dd09e369f35d033a1d4ec1df39bc8a51c8b6fd","","0","0","0","0.000100662363993255","0.00239033647787632","26.91","","","Borrow Asset"
"0x20bdcc762e4c4c1e83d6d4519af21d12cddf0d7494a8a8c35b6a2aaf97727409","23981418","1767842046","2026-01-08 03:14:06","0x9041538cf2d6dc9cdee8b60773ca36f6a12e7b6d","0x78dd09e369f35d033a1d4ec1df39bc8a51c8b6fd","","0","0","0","0.0000127499","0.000302760136462893","25.67","","","Deposit"
"0xa07abfc49d7a470ba979a089bd2e2768465a29b226ce2426e172926d0ed12499","23986263","1767846812","2026-01-08 04:33:32","0x9751ee0e42408e7f7a8fa4fe083c222608c4f62a","0x78dd09e369f35d033a1d4ec1df39bc8a51c8b6fd","","0","0","0","0.0000133446279","0.000316882592338021","25.67","","","Add Collateral"
"0xe2ed23040c87a10f1eaee335abe8abeb743c121490d83d87a278dcba76f25882","23986828","1767847368","2026-01-08 04:42:48","0x9751ee0e42408e7f7a8fa4fe083c222608c4f62a","0x78dd09e369f35d033a1d4ec1df39bc8a51c8b6fd","","0","0","0","0.0000231085017","0.000548736313864814","25.67","","","Borrow Asset"
"0xcfc42923805df8ffec3603415ae816963b3afdeb632df80b61385838e551a797","23992514","1767852960","2026-01-08 06:16:00","0x12045c1cc410461b24e4293dd05e2a6c47ebb584","0x78dd09e369f35d033a1d4ec1df39bc8a51c8b6fd","","0","0","0","0.000188511624","0.00447641197241403","25.67","","","Repay Asset"
"0xf767c1ebcf05697dc1573fcf4d9ee38452dca05e8dc1b95bd5de903a505f7119","24010287","1767870442","2026-01-08 11:07:22","0xe07c4c2a205e5f4550b20e3b5fdaaa3e819ff8a7","0x78dd09e369f35d033a1d4ec1df39bc8a51c8b6fd","","0","0","0","0.000060068608085317","0.00142639393101488","25.67","","","Withdraw"
"0x0b552b37f95fc552d755066c72dd5efef65fa8138123788ca67fad234b47d5c9","24011338","1767871476","2026-01-08 11:24:36","0x6abc111bd22bb38e649f81be60dfbeb35648aac6","0x78dd09e369f35d033a1d4ec1df39bc8a51c8b6fd","","0","0","0","0.00001233461175","0.000292898668746171","25.67","","","Withdraw"
"0x34690151a7b54f8b3ce373109212773b522c8c7d50a511f7b6df796567ed01a3","24019027","1767879039","2026-01-08 13:30:39","0xe07c4c2a205e5f4550b20e3b5fdaaa3e819ff8a7","0x78dd09e369f35d033a1d4ec1df39bc8a51c8b6fd","","0","0","0","0.000012658300126583","0.000300584998604893","25.67","","","Withdraw"
"0x374d40d3326fa45f10db84b6defbb378faad41b1ff5113bd1376589334547ec7","24020430","1767880419","2026-01-08 13:53:39","0xb9de0e60dfaaf1b2ab37f9a1ababd6b43e411a89","0x78dd09e369f35d033a1d4ec1df39bc8a51c8b6fd","","0","0","0","0.001305756399255035","0.0310065950027648","25.67","","","Withdraw"
"0x315d41113cf9f302f72e1d925c8819c4485947e61180c3a39128e802f939e437","24035433","1767895176","2026-01-08 17:59:36","0xb584bf4b1d1419bc24f24ac90028a72695d6224a","0x78dd09e369f35d033a1d4ec1df39bc8a51c8b6fd","","0","0","0","0.000911358168","0.0216411833277322","25.67","","","Deposit"
"0xf643d95890a451e823ac708ff89898d0b19e091b383c60e543f4237d827ec12f","24039953","1767899622","2026-01-08 19:13:42","0xb67a126bfc786978bc2a44e67759be70d151cb0b","0x78dd09e369f35d033a1d4ec1df39bc8a51c8b6fd","","0","0","0","0.000012657100126571","0.000300556503309449","25.67","","","Withdraw"
"0x4c5f310bd4e1a806faa4090c7f2b8b7d8c531ad5bae064bbeeacf723135278aa","24048500","1767908029","2026-01-08 21:33:49","0x30d83d444e230f652e2c62cb5697c8dad503987b","0x78dd09e369f35d033a1d4ec1df39bc8a51c8b6fd","","0","0","0","0.000014739600205","0.000350007715313398","25.67","","","Add Collateral"
"0x6c988f4a26f35569a4077ee85ba89ed442b42cf9926c96127105928ddcdb5c68","24048527","1767908055","2026-01-08 21:34:15","0x30d83d444e230f652e2c62cb5697c8dad503987b","0x78dd09e369f35d033a1d4ec1df39bc8a51c8b6fd","","0","0","0","0.00002815670634","0.000668611381567229","25.67","","","Borrow Asset"
"0xa7986bc09fe77bcd71f564feeecd5a414dbe6a3daeeac53ae3da0c74f0d95ee1","24048689","1767908215","2026-01-08 21:36:55","0x30d83d444e230f652e2c62cb5697c8dad503987b","0x78dd09e369f35d033a1d4ec1df39bc8a51c8b6fd","","0","0","0","0.0000129726","0.00030804838832293","25.67","Error(0)","execution reverted","Add Collateral"
"0xb2d517ce45a424cdcbaa516bdf34148c7883420e2504315afc4e085ac4301093","24048736","1767908261","2026-01-08 21:37:41","0x30d83d444e230f652e2c62cb5697c8dad503987b","0x78dd09e369f35d033a1d4ec1df39bc8a51c8b6fd","","0","0","0","0.000012106288683","0.000287476891091245","25.67","","","Add Collateral"
"0x475f8693613b28f5877b32c5aecdcc689de57057c8a3b8ea8597ec87ca7d1c00","24048782","1767908306","2026-01-08 21:38:26","0x30d83d444e230f652e2c62cb5697c8dad503987b","0x78dd09e369f35d033a1d4ec1df39bc8a51c8b6fd","","0","0","0","0.000021693997974","0.000515147396217536","25.67","","","Borrow Asset"
"0x0755513f62f3e603c80cc0dc3bdaec6193ec560ece651e53fedc48cab54d96e0","24048842","1767908365","2026-01-08 21:39:25","0x30d83d444e230f652e2c62cb5697c8dad503987b","0x78dd09e369f35d033a1d4ec1df39bc8a51c8b6fd","","0","0","0","0.00001417675993","0.000336642465510198","25.67","","","Add Collateral"
"0x25c2231fc9c719291409d386da13a74ad7ca31962c90110cf7827a399adf063d","24048901","1767908423","2026-01-08 21:40:23","0x30d83d444e230f652e2c62cb5697c8dad503987b","0x78dd09e369f35d033a1d4ec1df39bc8a51c8b6fd","","0","0","0","0.000058591867296606","0.00139132712714109","25.67","","","Borrow Asset"
"0xe5af9b6c4e31c7cadebec98bfc49ca1168201f9ca2a09852fe45a7cf8d538ce9","24048950","1767908471","2026-01-08 21:41:11","0x30d83d444e230f652e2c62cb5697c8dad503987b","0x78dd09e369f35d033a1d4ec1df39bc8a51c8b6fd","","0","0","0","0.00002119295919","0.000503249689520461","25.67","","","Add Collateral"
"0x383c5814c3dbc61db3f70842411995eda3cb27f3aaa0c4e1adc20ddc51b0ebcc","24049017","1767908537","2026-01-08 21:42:17","0x30d83d444e230f652e2c62cb5697c8dad503987b","0x78dd09e369f35d033a1d4ec1df39bc8a51c8b6fd","","0","0","0","0.00003244141229","0.000770356348831707","25.67","","","Borrow Asset"
"0x3dd10340a9a8be335bc20743ca72e1e22e5079e2737186002d00b641601ea38c","24049087","1767908606","2026-01-08 21:43:26","0x30d83d444e230f652e2c62cb5697c8dad503987b","0x78dd09e369f35d033a1d4ec1df39bc8a51c8b6fd","","0","0","0","0.00002041716332","0.000484827579271083","25.67","","","Add Collateral"
"0x8c14f64b9921c9811ab1c1191b8fd6ea9eb2ff8bbda103e1f25b546ce6ee0310","24054461","1767913892","2026-01-08 23:11:32","0x122801263e9456b9435213e0174063c8e92e23e0","0x78dd09e369f35d033a1d4ec1df39bc8a51c8b6fd","","0","0","0","0.000012658300126583","0.000300584998604893","25.67","","","Withdraw"
"0xc88680a04cdae9a6d9bfd0585b3e966223e86bd99793c0b389fa95d037f2f253","24076074","1767935151","2026-01-09 05:05:51","0xeef1b2fa1743e9215e1d8881d52b886618453c5e","0x78dd09e369f35d033a1d4ec1df39bc8a51c8b6fd","","0","0","0","0.000013446700134467","0.000319306407711969","25.05","","","Add Collateral"
"0x6db9d7cf517a5417743d353d7ee78c1ee898b2a415230712f738b78f64507998","24083622","1767942575","2026-01-09 07:09:35","0xe07c4c2a205e5f4550b20e3b5fdaaa3e819ff8a7","0x78dd09e369f35d033a1d4ec1df39bc8a51c8b6fd","","0","0","0","0.0001302032738","0.00309181726473176","25.05","","","Withdraw"
"0x3530cfca8f088f93cd206b4a8e898e0799023c9af14b70eae47d8003ba9e5316","24083637","1767942590","2026-01-09 07:09:50","0xe07c4c2a205e5f4550b20e3b5fdaaa3e819ff8a7","0x78dd09e369f35d033a1d4ec1df39bc8a51c8b6fd","","0","0","0","0.000010464700104647","0.000248495598532238","25.05","","","Withdraw"
"0xefd0510bb84d35378adc4f9e1dba71c36ff4c208527bb46c762c011138a9f957","24092303","1767951114","2026-01-09 09:31:54","0x7e03b41a3bd79de20e2b38075af02f2dcf174754","0x78dd09e369f35d033a1d4ec1df39bc8a51c8b6fd","","0","0","0","0.00001587588","0.000376989905432083","25.05","","","Deposit"
"0x1508d933a801bcb09772eb3cd6603545e74e894c17a6fe63d73a939656cf5b5b","24092348","1767951158","2026-01-09 09:32:38","0x7e03b41a3bd79de20e2b38075af02f2dcf174754","0x78dd09e369f35d033a1d4ec1df39bc8a51c8b6fd","","0","0","0","0.0000161346","0.000383133491068494","25.05","","","Add Collateral"
"0x437e0dfca8c288a20ab27dc951bbfaead5ba7b14df0917288ac3e2b23b31fbec","24100977","1767959645","2026-01-09 11:54:05","0xc1269b5614c6f5cc50affa5e62d403622c6cdb3f","0x78dd09e369f35d033a1d4ec1df39bc8a51c8b6fd","","0","0","0","0.00052898834","0.0125613990702421","25.05","","","Remove Collateral"
"0x0c848651412c78c7f18c4a2a2831e9448ac2029cfcebae3120657b4c5ae8223b","24100983","1767959651","2026-01-09 11:54:11","0xc1269b5614c6f5cc50affa5e62d403622c6cdb3f","0x78dd09e369f35d033a1d4ec1df39bc8a51c8b6fd","","0","0","0","0.000341709652","0.00811426449385546","25.05","Error(0)","execution reverted","Remove Collateral"
"0xd1ecfa1b0e90b6ed5ec2eaf9560baf77b0c45519254fb2757af360bfb3e66b0a","24105332","1767963929","2026-01-09 13:05:29","0x28585d97f7d77b7a269c9513a98ca316421d8749","0x78dd09e369f35d033a1d4ec1df39bc8a51c8b6fd","","0","0","0","0.000317879988","0.00754840340282691","25.05","","","Add Collateral"
"0x25dbc0464d3c8eb3ffa6a50a3ec99ea0d512451467bfe656dc79a1581a0fe0c1","24105406","1767964002","2026-01-09 13:06:42","0x28585d97f7d77b7a269c9513a98ca316421d8749","0x78dd09e369f35d033a1d4ec1df39bc8a51c8b6fd","","0","0","0","0.000222371985","0.00528046278983556","25.05","Error(0)","execution reverted","Add Collateral"
"0x00aed92083bcc062dd7e9d537afce1d8ec573643098a53ef0c528162e678c6bf","24105793","1767964382","2026-01-09 13:13:02","0x28585d97f7d77b7a269c9513a98ca316421d8749","0x78dd09e369f35d033a1d4ec1df39bc8a51c8b6fd","","0","0","0","0.000238846477074465","0.00567166738505763","25.05","Error(0)","execution reverted","Add Collateral"
"0x9bb4ec88328a2ad6e9766d2dbbeda97e07b25c3aa311c969a703105f80876185","24105944","1767964531","2026-01-09 13:15:31","0x28585d97f7d77b7a269c9513a98ca316421d8749","0x78dd09e369f35d033a1d4ec1df39bc8a51c8b6fd","","0","0","0","0.000260906841","0.00619551453621302","25.05","","","Add Collateral"
"0x2e89897de89503f852bd15b898badce644f600c4af6c6b910316e5d2756fcf9c","24106405","1767964984","2026-01-09 13:23:04","0x28585d97f7d77b7a269c9513a98ca316421d8749","0x78dd09e369f35d033a1d4ec1df39bc8a51c8b6fd","","0","0","0","0.00020398579841367","0.004843862945138","25.05","","","Add Collateral"
"0xee221d52a62b244eed7d4b70646b70de22f5cf80c5299b5e1b9f2ad8287061bd","24120352","1767978703","2026-01-09 17:11:43","0xd77f20e6b575eebec6fc050e5ea07935fd97b550","0x78dd09e369f35d033a1d4ec1df39bc8a51c8b6fd","","0","0","0","0.00051635328","0.0122613659335259","25.05","","","Add Collateral"
"0x80f0cc33a36cef854bc69585299f31411be7ec48218ce637e75a2d45e740fce7","24120663","1767979009","2026-01-09 17:16:49","0xd77f20e6b575eebec6fc050e5ea07935fd97b550","0x78dd09e369f35d033a1d4ec1df39bc8a51c8b6fd","","0","0","0","0.00079964147569819","0.0189883498932363","25.05","","","Remove Collateral"
"0x84c7cac8afb5e6de48e9a086348ec43abe81e3cfe5aef6d5f3905dfc417606ee","24130379","1767988565","2026-01-09 19:56:05","0x00845073402e19e26f68f4fc868df4f8ec2deecd","0x78dd09e369f35d033a1d4ec1df39bc8a51c8b6fd","","0","0","0","0.000372729537","0.00885086514293218","25.05","","","Add Collateral"
"0x5d70e48914d4863d34650dd4ac608a681ed10b146359ea3bc11cc4d1e5163b4b","24131157","1767989331","2026-01-09 20:08:51","0x00845073402e19e26f68f4fc868df4f8ec2deecd","0x78dd09e369f35d033a1d4ec1df39bc8a51c8b6fd","","0","0","0","0.000241399235","0.00573228537719025","25.05","","","Add Collateral"
"0xc8941a8d1e7e06c22a0622b794b9fe6c4e67c77ef0e2bad5419e6aced3cb8c2f","24182461","1768039794","2026-01-10 10:09:54","0xf34e95ce80d4c8f5a6120cbeabb6e68e66c22f95","0x78dd09e369f35d033a1d4ec1df39bc8a51c8b6fd","","0","0","0","0.00045046855","0.0106968619103084","24.01","Error(0)","execution reverted","Remove Collateral"
"0x3ffb90c23d87e71a48899e3b0cab0510f27429e6c0877394229a2070257c80cc","24182532","1768039863","2026-01-10 10:11:03","0xf34e95ce80d4c8f5a6120cbeabb6e68e66c22f95","0x78dd09e369f35d033a1d4ec1df39bc8a51c8b6fd","","0","0","0","0.000898362994","0.0213325988954151","24.01","Error(0)","execution reverted","Remove Collateral"
"0x5bd4a2829d59059853b96afb6eda388e593d6ac5ba75056034054c0575b891e5","24182627","1768039957","2026-01-10 10:12:37","0xf34e95ce80d4c8f5a6120cbeabb6e68e66c22f95","0x78dd09e369f35d033a1d4ec1df39bc8a51c8b6fd","","0","0","0","0.000605576","0.0143800557179784","24.01","Error(0)","execution reverted","Remove Collateral"
"0x6f8a8d5d225b6aaf4bb40a083bfc0238beda725ea9412c0a14488400673e9924","24182678","1768040007","2026-01-10 10:13:27","0xf34e95ce80d4c8f5a6120cbeabb6e68e66c22f95","0x78dd09e369f35d033a1d4ec1df39bc8a51c8b6fd","","0","0","0","0.000573677334","0.0136225874655886","24.01","Error(0)","execution reverted","Remove Collateral"
"0xcd5e6dbba7c8110551ffeedcf1f50dd12409255dfb6d2208dc7bffe2688edf23","24182978","1768040302","2026-01-10 10:18:22","0xf34e95ce80d4c8f5a6120cbeabb6e68e66c22f95","0x78dd09e369f35d033a1d4ec1df39bc8a51c8b6fd","","0","0","0","0.0000302836","0.000719116767079559","24.01","Error(0)","execution reverted","Remove Collateral"
"0xb92a47fd140b23339192979c738b87f44c47c260529f7ebd5864b5665f97c165","24183021","1768040344","2026-01-10 10:19:04","0xf34e95ce80d4c8f5a6120cbeabb6e68e66c22f95","0x78dd09e369f35d033a1d4ec1df39bc8a51c8b6fd","","0","0","0","0.0000302812","0.00071905977648924","24.01","Error(0)","execution reverted","Remove Collateral"
"0x1a0f798ba59e269e4152c3d9b5c90da7a49bdb0bd5b3a1b2092433da9b963886","24183208","1768040528","2026-01-10 10:22:08","0xf34e95ce80d4c8f5a6120cbeabb6e68e66c22f95","0x78dd09e369f35d033a1d4ec1df39bc8a51c8b6fd","","0","0","0","0.0002428944","0.00576778968384635","24.01","Error(0)","execution reverted","Borrow Asset"
"0x0d7b9fb33ec26131ed1a2fa902f5b12d47aa1839926e37a16e9381a6a700dae0","24185354","1768042639","2026-01-10 10:57:19","0x28585d97f7d77b7a269c9513a98ca316421d8749","0x78dd09e369f35d033a1d4ec1df39bc8a51c8b6fd","","0","0","0","0.0002428944","0.00576778968384635","24.01","Error(0)","execution reverted","Borrow Asset"
"0x0ef67beea17f2a6ebb8f414953c45be1e6ba67688ddd15b5fb909a11b11bb3e0","24192552","1768049719","2026-01-10 12:55:19","0x9e3d5edb35aa28cc0e52a5a0af93f32d4d8e446e","0x78dd09e369f35d033a1d4ec1df39bc8a51c8b6fd","","0","0","0","0.000012792400127924","0.000303769347870823","24.01","","","Repay Asset"
"0xeb945fc48710e5e8c9a8805c5af50417fa38c7b7b1a36a7e6d9ff3ab38a1870c","24225228","1768081860","2026-01-10 21:51:00","0x7f528db87d9c330e0cc35c8da23de5a1026bebc8","0x78dd09e369f35d033a1d4ec1df39bc8a51c8b6fd","","0","0","0","0.000535998324","0.0127278587061955","24.01","","","Remove Collateral"
"0xc1de26d17ed3e5cd5cbf477637fff51072754bc712fc02653e5a63d684bab586","24225334","1768081964","2026-01-10 21:52:44","0x7f528db87d9c330e0cc35c8da23de5a1026bebc8","0x78dd09e369f35d033a1d4ec1df39bc8a51c8b6fd","","0","0","0","0.0000120562932","0.000286289694387301","24.01","","","Repay Asset"
"0x3583d510bc77032475615e755982670b2f3b32eb52ed5b19f56b952f12305d58","24225358","1768081987","2026-01-10 21:53:07","0x7f528db87d9c330e0cc35c8da23de5a1026bebc8","0x78dd09e369f35d033a1d4ec1df39bc8a51c8b6fd","","0","0","0","0.000013663329","0.000324450493931514","24.01","","","Remove Collateral"
"0x0e216fee3e0536474028bec27fa357b0bb38a56c3cd160c8170794d55bab1222","24225408","1768082037","2026-01-10 21:53:57","0x20d55e8541b5eb2bd12ce608debddf82bc48439e","0x78dd09e369f35d033a1d4ec1df39bc8a51c8b6fd","","0","0","0","0.000011736700117367","0.000278700611703471","24.01","","","Add Collateral"
"0x3cffd174334e60adf390ae8ab6a115d06cc4503cc7a19d4f1b01f439d6ea98d1","24225453","1768082081","2026-01-10 21:54:41","0x20d55e8541b5eb2bd12ce608debddf82bc48439e","0x78dd09e369f35d033a1d4ec1df39bc8a51c8b6fd","","0","0","0","0.000019764100197641","0.000469319890579854","24.01","","","Borrow Asset"
"0x981e16847b0df3d51019af19597cc870291e5f2671d407e522b3fe5c78d6b4fb","24227658","1768084250","2026-01-10 22:30:50","0xb4324a29a00f7e6803c197eef90fa926996080e8","0x78dd09e369f35d033a1d4ec1df39bc8a51c8b6fd","","0","0","0","0.000013229900132299","0.000314158257668318","24.01","","","Deposit"
"0x1e22b55cc50f0f9dcd779d64eba551bbcd854eb80398f568e0f508c4d0295f8d","24227745","1768084335","2026-01-10 22:32:15","0xb4324a29a00f7e6803c197eef90fa926996080e8","0x78dd09e369f35d033a1d4ec1df39bc8a51c8b6fd","","0","0","0","0.000011519900115199","0.000273552461659821","24.01","","","Deposit"
"0x73c178b10a552ddc266c8f4930cd07eab859104fb66418b292bb926ae58814ba","24229318","1768085882","2026-01-10 22:58:02","0x707da47b391c0e883dec5d4399238daa99fa59d9","0x78dd09e369f35d033a1d4ec1df39bc8a51c8b6fd","","0","0","0","0.000665762206121675","0.0158092421412901","24.01","","","Borrow Asset"
"0x688dc0b0f548f82616163aee13dc2cffa5a0b56254d949439790470e6b6e1bb4","24229718","1768086276","2026-01-10 23:04:36","0x707da47b391c0e883dec5d4399238daa99fa59d9","0x78dd09e369f35d033a1d4ec1df39bc8a51c8b6fd","","0","0","0","0.00044112728","0.0104750433721288","24.01","","","Repay Asset"
"0xcbb3a5a0b16132e967da6f4153f890a574c357abf5a803b0723e0a22706807cf","24230987","1768087524","2026-01-10 23:25:24","0x28585d97f7d77b7a269c9513a98ca316421d8749","0x78dd09e369f35d033a1d4ec1df39bc8a51c8b6fd","","0","0","0","0.000171181137366831","0.00406488086252088","24.01","","","Borrow Asset"
"0x6124a43ca009b385e48313122c0ba60e747ada7ed6c86f71fe89ebc0e537dca9","24240682","1768097060","2026-01-11 02:04:20","0xd77f20e6b575eebec6fc050e5ea07935fd97b550","0x78dd09e369f35d033a1d4ec1df39bc8a51c8b6fd","","0","0","0","0.000427570507","0.0101531231654231","24.39","","","Add Collateral"
"0xeef990e2887b6d6abf64b6f3576bb8e5b83d13d65dd966536fe76ce1342bc58a","24240787","1768097163","2026-01-11 02:06:03","0xd77f20e6b575eebec6fc050e5ea07935fd97b550","0x78dd09e369f35d033a1d4ec1df39bc8a51c8b6fd","","0","0","0","0.00034012584830375","0.00807665536568919","24.39","","","Remove Collateral"
"0x6d4d731bf9c4c4af90d171beb80be0f35b6200abd3b3b367d2bc9b6b2e602722","24263120","1768119130","2026-01-11 08:12:10","0x9e3d5edb35aa28cc0e52a5a0af93f32d4d8e446e","0x78dd09e369f35d033a1d4ec1df39bc8a51c8b6fd","","0","0","0","0.00002253384","0.00053509035156613","24.39","","","Remove Collateral"
"0x27f131e72667665063579fc4aba40276d9f5542e97291fccecd4617bee8288ce","24263619","1768119621","2026-01-11 08:20:21","0x9e3d5edb35aa28cc0e52a5a0af93f32d4d8e446e","0x78dd09e369f35d033a1d4ec1df39bc8a51c8b6fd","","0","0","0","0.00001135946","0.000269742637961457","24.39","","","Repay Asset"
"0x2c7931001924e6795a6f5adae4b7c395bba4ee4db3512dd79983cd12eb047f1c","24263754","1768119754","2026-01-11 08:22:34","0x9e3d5edb35aa28cc0e52a5a0af93f32d4d8e446e","0x78dd09e369f35d033a1d4ec1df39bc8a51c8b6fd","","0","0","0","0.0000226583634","0.000538047294097195","24.39","","","Remove Collateral"
"0x92787c404bf44c4f373a62179b05dfc09154bc9ec7bbcad5765db87abb8e4ee1","24263907","1768119904","2026-01-11 08:25:04","0xf2dfe24775f18d36bce5cc7fb8a2c408c86f2888","0x78dd09e369f35d033a1d4ec1df39bc8a51c8b6fd","","0","0","0","0.00002226504","0.000528707405450378","24.39","","","Repay Asset"
"0xb29fe1c6ea6d82f25644b0f3045c83dd4b6d14d1ffd6ec83b5aa50319c2d4070","24268443","1768124366","2026-01-11 09:39:26","0xe2862db005706cc4cb7a92fc3bcdf90b7107c8fa","0x78dd09e369f35d033a1d4ec1df39bc8a51c8b6fd","","0","0","0","0.0000120158","0.000285328139649004","24.39","","","Remove Collateral"
"0xdf4e97a3394b78e5f1b6b40fd5b1fdd7daa95aafdae1e729fe765491b51ba9cd","24270439","1768126329","2026-01-11 10:12:09","0x9e3d5edb35aa28cc0e52a5a0af93f32d4d8e446e","0x78dd09e369f35d033a1d4ec1df39bc8a51c8b6fd","","0","0","0","0.0000128888312","0.000306059207755292","24.39","","","Repay Asset"
"0xbe7dd9141b98b9315d443d3bec91539aead7bb40959d0266e383ba033896495c","24271912","1768127778","2026-01-11 10:36:18","0x9e3d5edb35aa28cc0e52a5a0af93f32d4d8e446e","0x78dd09e369f35d033a1d4ec1df39bc8a51c8b6fd","","0","0","0","0.0000642086604","0.00152470394158413","24.39","","","Remove Collateral"
"0xca8748dd43f0ed5340ee5f6db81acb2804b5aa1179e26e2ab13904e4c78d8eba","24272620","1768128475","2026-01-11 10:47:55","0x9e3d5edb35aa28cc0e52a5a0af93f32d4d8e446e","0x78dd09e369f35d033a1d4ec1df39bc8a51c8b6fd","","0","0","0","0.0000120549288","0.000286257295236705","24.39","","","Repay Asset"
"0x5f0003fdc75325f7a2c982ff41121c60ad6a456ef446e99f12d10f542e560ee2","24272747","1768128600","2026-01-11 10:50:00","0x9e3d5edb35aa28cc0e52a5a0af93f32d4d8e446e","0x78dd09e369f35d033a1d4ec1df39bc8a51c8b6fd","","0","0","0","0.000030502429","0.000724313097866627","24.39","","","Remove Collateral"
"0x2eb0e84a28f9bae77d14b6957ba130e2acf849fc20c9b5fee2c9aebdb4035a8e","24273063","1768128910","2026-01-11 10:55:10","0x00845073402e19e26f68f4fc868df4f8ec2deecd","0x78dd09e369f35d033a1d4ec1df39bc8a51c8b6fd","","0","0","0","0.000352604722","0.00837297969005094","24.39","","","Borrow Asset"
"0xeed0aa3a68f4ec8e1087d9f1e84c62917b7dfd560555e52fd86406d1d836ff7d","24273192","1768129037","2026-01-11 10:57:17","0x00845073402e19e26f68f4fc868df4f8ec2deecd","0x78dd09e369f35d033a1d4ec1df39bc8a51c8b6fd","","0","0","0","0.0000395336178","0.00093876842328174","24.39","","","Deposit"
"0x7a849f7c8e1f755ab70d31edaaf02a9153b523c66e7270a1b5b60ce524301a71","24292157","1768147691","2026-01-11 16:08:11","0x707da47b391c0e883dec5d4399238daa99fa59d9","0x78dd09e369f35d033a1d4ec1df39bc8a51c8b6fd","","0","0","0","0.0001720723095","0.00408604270666477","24.39","","","Borrow Asset"
"0x9e7dc111ad9e0b63c96650a5c8557bece36b467856a356c1365008fb6018cfa8","24357959","1768212415","2026-01-12 10:06:55","0x2e138264d7caba672d1ac206ba523d54dd9d7a7d","0x78dd09e369f35d033a1d4ec1df39bc8a51c8b6fd","","0","0","0","0.00001927075296","0.000457604827952557","","Error(0)","execution reverted","Add Collateral"
"0x343280804628c57e2656ef6f9aaa173d5c4e5a69f91fb3b577807da39dc35ff4","24358078","1768212532","2026-01-12 10:08:52","0x2e138264d7caba672d1ac206ba523d54dd9d7a7d","0x78dd09e369f35d033a1d4ec1df39bc8a51c8b6fd","","0","0","0","0.000014447343","0.000343067752547567","","Error(0)","execution reverted","Add Collateral"
"0x68969463f4d7e6d1822ccb7399d7cdce277d67237e7aad4236540dda29e46aaf","24359269","1768213703","2026-01-12 10:28:23","0x2e138264d7caba672d1ac206ba523d54dd9d7a7d","0x78dd09e369f35d033a1d4ec1df39bc8a51c8b6fd","","0","0","0","0.000014447343","0.000343067752547567","","Error(0)","execution reverted","Add Collateral"
"0xecf7c2ff2d880059b33cb9801d52bf3be03a2637326da5f58dd2d300b5845d76","24359344","1768213777","2026-01-12 10:29:37","0x2e138264d7caba672d1ac206ba523d54dd9d7a7d","0x78dd09e369f35d033a1d4ec1df39bc8a51c8b6fd","","0","0","0","0.00002717817","0.000645374980039977","","Error(0)","execution reverted","Add Collateral"
"0xb0e65a2b8a03bea2701004c7a0cad78e5cc4d0fa30a2bc5f24181bd217f48456","24359460","1768213891","2026-01-12 10:31:31","0x2e138264d7caba672d1ac206ba523d54dd9d7a7d","0x78dd09e369f35d033a1d4ec1df39bc8a51c8b6fd","","0","0","0","0.00001788822225","0.000424775144078664","","","","Add Collateral"
"0xef8449e43977a1ff9dcf2143d778661ef5439eca86dc116b6b0e5b553907efba","24361519","1768215916","2026-01-12 11:05:16","0x8da19bb3d04f189ee2086bb89cd4c736986ae36f","0x78dd09e369f35d033a1d4ec1df39bc8a51c8b6fd","","0","0","0","0.0000390877655","0.000928181179209999","","","","Add Collateral"
"0x2dd2d2972debb4c60ae297556a83041bb92a73a57849d13ba8c091d7d8d8ae17","24361622","1768216018","2026-01-12 11:06:58","0x8da19bb3d04f189ee2086bb89cd4c736986ae36f","0x78dd09e369f35d033a1d4ec1df39bc8a51c8b6fd","","0","0","0","0.0000518061162","0.00123019214349324","","","","Add Collateral"
"0x485350874ceeb122faa5019050c13b18421ee8d858f4a61b8ca19012225624ce","24362044","1768216433","2026-01-12 11:13:53","0x8da19bb3d04f189ee2086bb89cd4c736986ae36f","0x78dd09e369f35d033a1d4ec1df39bc8a51c8b6fd","","0","0","0","0.000066243858426467","0.00157303191531116","","","","Add Collateral"
"0x4a72e5f29544d32b7c294bc67c3d0b67c5ca2fed1faf81c567a17decf94231a1","24368323","1768222609","2026-01-12 12:56:49","0x3aa8440d4625f36a1c2cdd623bf269b820de2afb","0x78dd09e369f35d033a1d4ec1df39bc8a51c8b6fd","","0","0","0","0.000328161645","0.00779255244528094","","Error(0)","execution reverted","Add Collateral"
